user_id,song_id,weight
703680,155818,301.98857950416203
801034,674816,2.392404510073799
975852,181501,39.11726057162575
563786,589532,0.023597974163381028
680731,173540,5.868019607143081
580347,467336,26.013561247484272
510457,683627,278.24286928215093
427619,139708,0.3652900145730038
582638,111351,159.83707295450031
677984,222168,0.3951731997671393
763494,116583,0.0448141274990067
565110,776827,0.025906414977838972
229032,576192,0.0731639463384133
789430,858686,0.4929527879853636
792900,697735,17.38570072290529
806119,720021,1.5673550792816113
185660,358492,10.387736667724822
703102,892846,152.16943031517965
886976,359964,0.005567998793996187
228705,744225,1.135379254118709
685281,168036,0.1212325724537586
457281,676985,26.911292451870573
687507,79564,0.16219716937912457
976288,853711,29.39796190022237
834376,660710,16.941078963737343
652344,412048,34.15800024069304
567610,695522,23.55972072434111
757732,561824,138.62669134898442
880154,289302,223.4164071367398
87420,368515,0.1261170507529502
656073,500298,20.858105367696616
233136,230551,34.65612872906346
23425,168259,7.293975850647319
267531,712748,50.66132840654597
500785,600576,0.09027039686746068
464862,681692,0.07980387259365425
175764,731273,0.002200594798722758
485906,682351,4.463684745074392
564202,830738,201.83118970802406
39784,432562,3.4639025509670065e-05
708871,945506,0.12799879465815076
960886,124092,1767.6203441862733
617317,481574,0.0
432054,232504,0.08563017895006513
888088,178147,0.5633095456952747
827484,175115,1826.5029905065253
101403,810856,68.25248170417495
198599,930630,2.5416653168535306
184614,885751,1.3428536870050154
168685,991132,58.7850555351921
360936,181501,0.8974190532650775
594395,467336,0.0
960230,944806,1.3689774029159765
983077,453204,3.9307110334202755
914527,19394,1.2210194885266465
134594,361613,389.701715637491
257737,322436,0.948374469828693
514611,742056,0.4120735491062132
90287,46897,1.138772128104282
960206,155818,1.1470131064794737
196165,323222,0.2435036264829239
847891,545918,0.12933357021312583
927322,634974,17.535354188295223
728367,610392,0.3444554704491125
138760,354754,0.24367767340940824
383577,43041,0.9949055468635014
756469,203088,148.45439001937916
263144,419839,7.0859601383973185
688290,810856,50.29861077704292
229999,173540,50.220210419171686
873523,71619,1.4323013011300418
826268,477242,0.6544426352766703
196767,405050,724.3542650250133
956139,429815,3.126557895941761
853921,247498,0.06540452203521195
642482,209007,1.7899285584829516
192054,947232,18.320542673211875
991436,950081,1.5339897995077014
402936,359220,34.954834505658596
73483,343176,9.527247050773333
665395,696504,0.013132826121162625
94128,191805,0.42047992707353005
733443,784640,6.798314973453113e-05
145024,149616,0.04748650224988504
87420,357060,6.4918243236538995
939428,443963,0.15862372634061273
845022,172970,0.03584445393793024
73989,442208,0.0
748236,43055,36.01581782914618
961715,780093,0.0003661152793368092
789805,753436,2.0548347584557134
321379,361613,0.9084360192110013
298171,137151,0.00024322984452894756
473629,964047,443.0646315848178
961018,278805,0.47854186867312326
922821,845427,0.8893008366338356
746758,543648,0.06442546319573969
199796,923116,0.22142006377570192
567276,361613,328.26577239663106
787431,76576,0.019152074714205457
809388,421331,0.003124329871368764
956839,530632,0.1436741626307145
645071,272457,0.04435742631157181
497095,958530,22.197598660226408
303215,325011,0.8194914294598391
616654,166845,59.45048637595538
402769,429117,92.71990958009562
387838,789786,5.411295207074142
280445,278805,10.166711237081323
921397,845427,1.0826737943153693
5545,138995,1.1734226772561825e-05
269328,843807,0.3058011252416565
815960,358032,0.7562895134722614
581089,175115,318.92734947920616
258600,343176,132.86138758653266
826214,124092,1327.2057048492982
511970,378771,25.22377089005667
930675,569289,17.30420767588543
235465,677576,4.8377329419725665
826533,665162,0.37887544212030916
63167,457602,0.0016099053715391248
749492,122935,0.24932694701541913
115791,99737,2.068528910856466
348711,494777,0.152688726086859
457220,23763,17.395428564543582
87432,873790,0.015159830554113006
878123,935585,0.508886849164398
749597,695522,99.60152441060778
155431,668467,31.39796236757802
843911,156463,84.14496266477738
733993,301921,0.016532624414071374
173252,259282,0.06781206093129866
304970,40691,42.65370783961162
667644,930577,0.004843138387228788
291936,218845,6.643941448747507e-05
853921,208721,0.10870040261056543
809698,172970,0.1582415903616271
212905,342381,0.6527333396476082
548651,879365,0.7594630298651582
40242,332403,0.04017760457690138
629589,440242,0.14272437079829312
572442,926341,6.549337985327459
862066,853711,6.8761839948287635
690928,698415,55.11276706735673
880154,961450,5.464085769233407
838520,361613,42.01148080517238
950278,181501,106.47891383692935
705172,984203,2.4491705332269746
525454,282435,2384.836418432039
94085,697735,15.653177227633044
742254,887902,0.05808799098986919
204933,736860,1.1649758943463304
418840,22989,0.031606852229119214
459393,302116,0.028665402999170017
387451,11502,4.949909794180858
127948,443525,1.3847548530226492
162715,975724,1.6669423434521022
233407,175115,1271.393643044104
720908,172767,0.088974007412755
738689,940986,5.763279037045087e-06
443869,159780,0.14023713861226136
965700,158396,0.8302808048884935
760280,430087,2.233337165176559
535656,699356,0.43954029633149916
545414,64135,5.467443440125208
706244,184702,0.29957216765212785
14468,530577,2.3382739629469698
473629,831838,145.70410639344868
927895,156463,91.22957309444438
321379,569772,0.0018222221266735042
714063,444328,78.52752505120725
413789,442208,237.876451366356
328648,442180,100.62282038557787
844831,825117,2.3354774134219976
652162,530577,3.391873330084595
35301,581871,20.23432364784552
51309,200862,6.786698075108916
690928,622212,29.1188422255709
709789,569289,90.4504133776305
307077,853711,10.343012536139003
583366,322141,0.13261916833670223
770147,964615,0.10367472137817176
485327,530632,0.637827221758532
390708,919754,0.1062555199062638
500243,580528,0.002515159633017226
105101,155818,2.98225455204083
592059,835492,0.0006319269137187045
35301,19394,21.476117967056656
609299,513102,0.34123852998206033
922821,222168,0.6103121024189362
606675,118072,0.0023098913476899915
388163,576534,9.525307155695042
292139,795806,0.0006141938091818361
428585,203088,151.77181298862743
921538,866793,20.429300145107483
269980,545860,0.04869841702688791
739689,443963,0.010683919443464664
544870,62959,30.638031369602817
230844,30048,34.475573001417764
133694,429117,13.72003574103895
872098,65027,0.0060470879126085985
304321,88581,25.58272514984606
922821,670344,0.26254451536319473
602086,417921,0.14909577886379427
50241,929648,0.0013508115023787223
523601,940359,23.374870264440368
428998,477958,0.028266440740719476
386252,490812,0.11500817333781431
527585,530577,2.7772145571844753
672075,203088,5106.314799927282
549879,719852,0.03029694628333896
517910,853711,29.048940889990313
674938,923116,0.7181992227664374
379468,839768,0.8676496180335085
629329,359220,2.053397556311315
738689,139708,0.011553398848489117
836445,714905,108.52938299327012
728654,576534,1.690398270986566
162306,839864,0.28863606325504976
677058,961450,17.133800067199623
696596,429815,124.08211768802826
865119,810856,92.39289708531857
702370,864193,0.6063113046412112
889386,342381,0.9003238073227025
12778,676985,2.1990973713496373
748236,683627,32.716012655362576
146050,882140,0.25264520965983334
860559,343176,4.098542483206198
501724,103828,0.3299565283932933
629275,371227,0.05038307935446317
767243,810856,140.51076488564667
648669,720245,7.747157299913368
873523,352427,3.0101005478104055
411817,419839,2.6476328185212337
379357,528099,52.066086935638616
500846,156463,87.51172826074998
984969,107765,0.020571082899918786
31327,753436,2.3250365931623787
144919,59550,1.1502707122836622
52441,825117,3.793357018636666
17180,531167,561.0168485419391
113887,720245,768.0792643427209
798629,366172,30.715443855257394
180375,257446,1.2867426215170947
677984,998913,0.4430474000525755
991074,244124,1.7194921143013233
202511,404332,88.57224290631146
749597,817206,14.149900963209827
540926,146545,0.0
754834,341932,0.008035357053903503
84252,558292,0.03188861632646922
680396,707607,78.8282351630709
208192,558834,18.29390354777898
899692,259282,0.8681984713517513
578454,685284,0.015958215224718304
759507,875661,0.025331914937578862
619310,337599,0.19628032366145387
685281,860465,0.02433831944241228
51230,697735,0.0
5545,964615,0.007576151961520512
46049,322436,7.810382896225135
560178,282435,2218.8901601015755
865119,695522,61.02734516838021
478885,693469,43.809715259867524
197033,20822,3.7010437539002345
519266,918042,1145.8124412494828
900442,768391,3.7351865016886676
731718,257446,3.195894823355161
703680,785196,50.9728697463317
779448,637840,0.12902005630308946
366716,222168,0.046373106795799486
412878,853711,31.66137412183716
569729,947182,0.005497143979501341
213799,750287,0.30341607215842675
905328,289302,45.29579562087647
394550,969697,0.0
10146,133019,6.973914044055767
914075,481574,60.049345053532846
25155,306419,7.668442294980705
837400,637196,0.0
212905,741090,0.0
485420,276693,0.3538722341705417
617317,550395,20.901003277773178
471115,628744,2.060328610175375e-06
308024,417021,0.20184124260855374
368320,512900,1.5019434603800223e-05
901815,477242,71.48176591216544
704863,877336,13.287723979645383
780239,458201,1.1042029816709464
233229,589663,0.132217918283115
448583,590338,0.0
465371,720021,1.0504976145856082
479968,43965,0.06776407461530395
290643,2282,0.06981414426173989
473629,964047,443.0646315848178
287882,625262,0.0
751813,156463,129.84878119585164
12180,158427,0.00860532181054106
218067,720021,32.76212212094853
440649,683627,2.2673324561821415
583366,290726,0.016182054619522677
154142,961450,170.10936052148588
257365,110225,40.08851827226907
425980,560212,0.14123587570365492
162306,952765,0.06831485538161179
717621,882140,0.018170762942191884
941366,615562,2.1675537272118794
926638,442208,0.0
805478,203088,1046.9480706876122
278830,332403,65.76354493917661
892315,176088,7.834332164572907
728654,172260,9.137241995618826
687395,357060,0.2135663188459305
23425,361613,723.5760411846287
996586,964047,12.863549404737382
13084,742056,0.06750996378835758
914075,617660,111.16147729825083
303215,416657,0.7564697651916774
30404,668067,0.013941403757997583
655693,956375,0.0
572295,457602,3.8566391310299115e-06
388163,845658,110.00147050576058
275753,763239,0.0009768227807295572
508803,173210,0.005820952865710198
320710,367555,1.4284436898969588
178036,632927,9.069278777251377
415534,78309,11.572268269565706
939109,357060,9.568724354783237
233713,668067,0.12226689594576938
616727,810856,2.3693028554154156
694983,617660,5.47264976396695
897835,252161,11.615452565687313
804132,412048,4.258266554771926
377658,332403,114.71309182887592
386404,30958,2.197232930829218
776400,86690,4.181337581287622
133263,70231,2.3063054508339076
909495,412048,5.5144919244328925
527585,121800,0.03464079052482452
3028,92051,0.27813564064006396
91756,930630,0.23118279491213947
367802,20945,0.00040948235226394666
274002,720245,0.0
943078,161791,30.93625550797665
16583,325011,0.1761550978919686
312559,660918,12.029586610068158
946410,306419,4.07923755409169
646566,88581,0.30866223193069453
958627,357060,4.162570397285591
798629,947232,86.22341615223309
198793,923116,0.777916725071539
629573,116583,0.03952397736584663
535656,684955,0.10380419724847305
320505,62959,0.08519465016297971
325302,853711,136.19029428896036
139237,124092,71.42565363908587
226076,224759,3.2298210782337646
277770,442180,618.7899539946054
919883,412048,118.13404654546417
202214,124092,2364.1191234759103
385467,554209,9.036563239394234e-05
300804,685277,7.479836499130948
600619,611677,0.0792720233674822
430771,442180,838.3936882837482
921538,259282,45.88094965219333
733993,301921,0.016532624414071374
877276,831838,15.770527535452866
520152,368515,0.7202391599107334
29229,543648,0.48698065725252315
980347,887902,0.7227656179256167
314971,14510,0.003944485858358384
872280,731343,15.689054369912382
13713,947232,24.009831505802154
88536,47251,0.07075387859560127
533032,442208,67.32230373266144
149845,453204,0.0475356565633173
461374,842353,0.7774881772756688
397925,352427,6.940174523877798
748809,765421,17.17145543048461
196165,975724,3.0727304981001846
550427,247498,0.04665489695373029
198812,964047,1.0015157187895962
361930,807942,0.07179376364861415
675367,481574,0.0
981277,175115,12.157745115229746
550269,461718,0.41527041041514456
872098,580997,0.2054431262067261
29341,714905,109.11423216112088
501468,809910,0.0009624075669980091
581813,853711,0.8599018617479712
687395,961450,0.1611062158784084
468276,92883,0.36329771818174345
623294,593407,4.816860071072894
515608,303318,0.008706122158127851
968421,880878,0.018302048139155935
52929,968746,0.24013952700233576
393604,432302,0.004528872245844031
494116,419839,1.2339372413613676
52933,845427,0.23531810475965526
49766,324722,0.09048668266248294
751455,442208,52.50832679816631
711852,419839,0.0
5334,429815,436.55538602639086
652344,622212,0.8464744149545363
616467,77532,0.026711686884120022
400867,142649,0.0
584174,684955,0.23090212914428243
60438,680503,1.1769784385462132
30404,218845,0.0018440759883370042
809698,918042,66.7157494151332
950407,285685,22.359443743654193
290858,865701,1.0943681870862485
132102,720245,30.238974818997985
107122,810277,10.888792470486326
376613,95297,982.3704202535934
52933,838567,0.010218423596681207
756469,85370,85.81678053486307
197117,837231,10.04124394585947
628474,143964,0.0021318501356658616
509031,62959,0.16782651916781752
648400,901795,0.5936551037332434
462373,918042,69.7475476974594
190171,720021,617.5954197930979
438811,593896,2.585541690505903
705897,163987,0.17452201549722113
886557,161470,4814.832664589391
948660,361613,79.98873990120781
428585,134783,20.720747577618564
154714,85370,91.79825950008579
381409,134783,3.974655712189765
466354,325011,1.5209234811962564
510457,361613,971.2439823651387
729324,728573,0.2082874511888399
328887,892846,2.9688901737167024
983454,443963,0.06107249197180801
841967,155818,337.35687236683594
294105,558292,0.8613672082050283
688082,176088,0.9081838323825726
208530,520514,8.407178214800352e-07
5334,755701,0.0
672617,904592,0.00907774732263526
445584,720245,480.0529561039257
98012,481574,3.6976259730668244
757732,429117,212.77132771702318
651842,404921,0.00718750755299597
179421,332403,647.7224733810565
696944,467336,0.0
757708,805437,0.0020387549935227674
745745,85370,59.11351622680029
773773,578968,83.93205904176985
830138,83760,27.346898316667744
816529,427016,12.12159037076531
74832,85370,141.1357522670485
786606,173540,11.820529801320774
728654,343176,11.691276966127713
641101,359220,2.941589394980937
662690,59550,50.23799140947548
287882,720245,62.17985038165439
996946,581871,2.358196326594754
831962,695522,9.336141618145012
980347,121996,0.038180044793296286
675367,285685,68.67072131679065
32513,30376,0.5504129503267471
391289,765004,11.553035911319823
109353,712748,322.3992111976502
91959,163987,0.008514756703052913
329918,543648,4.10749203948815
865448,797471,0.0
674371,483285,0.07400086234426213
217484,139878,0.0493092025360948
923619,341932,0.26945685499776467
235465,677576,4.8377329419725665
522992,683627,16.10192645002882
259412,918042,73.15234943264447
109353,894544,41.14505938739427
356813,64135,2863.9011844430024
890152,30376,0.06991551107774711
983077,359220,8.418068900162893
75683,343176,4.8606629977314055
677984,132660,0.41914167824512916
976972,318504,0.1439559155190884
102809,357600,1.1731085213132482
267531,936020,0.0
296720,905371,0.0033002891818280336
738728,579967,3.9845485004512833
170321,155818,0.2854386666203826
60438,772796,5.951060786453512
249667,232504,2.610018354464766
226184,282435,41.054052405127024
623294,245135,5.798279275168183
580758,955087,3.7360861210953686
504578,720245,8.789156428642283
3859,417999,0.0
267531,567422,11.275174539485558
763494,337599,0.24277045247214432
748236,337273,400.4458296272437
46098,54879,0.0032112807357730093
179421,7391,352.8546900441675
816529,15238,0.22758480002029255
249741,785196,423.07355516619157
742254,681692,0.9361824348389536
149710,918042,79.90150734072284
943753,342381,2.1531767309151917
565019,19394,4.674731296311943
239215,684955,0.006619032502282618
865119,442208,299.43780657857343
189144,879365,11.709797366420771
285752,631627,0.0739041347643585
82245,740537,0.11530056401868875
612336,595517,21.597597938407887
943405,706119,0.3220359273073457
314004,175115,217.45228675716794
182917,878291,4.363212587108215
98220,358877,9.715566048147123
887152,656648,1.2860843885119113
525454,181501,418.1986308515506
307836,366475,0.6627210157158528
889517,210547,12.526044107782127
154714,175115,61.39838201130227
462373,191805,0.2813975588630419
87432,139708,0.18938453159728408
993278,955087,0.09892780271510383
88833,481574,29.974042957150907
820043,853711,48.116439025641256
178036,419839,383.81266266414264
23425,181501,82.59423335196966
152292,88020,0.006404006398308864
872280,746858,6.555524632333245
235170,647752,0.0002450307661919599
157849,546334,0.41496687660494735
870695,671635,0.011817070368136586
475311,569772,0.2770913684940976
119912,964047,1.3857875702134774
229999,309284,2.310414094955175
434435,359220,20.03784250193235
366716,653526,0.0022917449882641347
983003,395742,8.106807118743635
462373,430960,0.02520114293267765
385920,168040,0.0
399241,110225,3.85644998916417
249741,83760,0.0
255238,593896,28.065569897915015
642482,377243,1.6792451504109973
583524,429815,69.37384258608155
921500,442208,488.5101822834198
443018,299201,0.26074174055487737
915822,501406,27.625070693296635
578454,741090,0.007550580540032466
725592,662929,0.08400288229993995
299012,742056,1.3629046895231494
35953,993433,9.15967726930623e-05
388542,539831,0.16000080426255203
987042,679564,0.032363322800032276
461672,285685,38.97940217416594
551116,942223,0.028122905906354145
904490,707607,667.5816367154711
245375,523230,1.58470543987468
777914,46858,0.9676423197710917
84252,27852,0.017250603160753643
141626,134783,579.8810340944209
32820,894544,12.688594563007374
446114,853711,278.84855271921623
280345,595651,115.24476701016587
788707,110225,106.17719833080292
588774,998913,12.446887535203441
940112,892846,17.577126306349175
685438,325135,70.13732464182169
704863,203088,354.7623782309784
287399,695073,5.718880591763317e-05
481517,965622,0.18232879771495064
36989,252330,1.16538334578363
149710,631627,1.1607670890944342
21197,8532,0.08622357329932849
672075,707607,1702.5118357494352
904490,353431,76.47879472472547
778023,924533,0.0
721041,40691,529.5877873570801
621581,479451,4.786040653998637
687507,368515,0.21608474527909965
312559,753600,104.04951569993123
292231,358706,2.9880833399086
40167,685277,1.081865784620133
165064,792241,0.029092636682399555
858927,200862,3.484218576442273
960673,209975,0.34787544328169745
743002,699356,0.00012032084123200319
943753,706932,0.024524340762052524
849071,169708,137.39941411502835
933875,890120,0.6230210913487595
502855,161470,4530.584523701728
931636,866793,0.2507716504503538
689551,859848,5.887461949115744
905328,77532,0.41300947394480325
864274,853711,111.31431784085173
854305,546334,16.49137289397829
912876,528099,3.8221021415618686
801034,83016,0.06051832941059105
641101,878291,1.1129639325774061
160531,838773,0.0029912701731632267
456045,172260,13.685276918448288
820043,181501,50.541712818257345
980347,430087,1.4349340150831844
546751,90870,3.886291028892043
472734,993470,2.450378728567821
572442,182948,13.219388896814944
134594,975724,3.2421805510506316
278830,821099,18.43748204101628
303215,799263,0.5794680630460625
457566,961450,5.156130046919956
268330,77532,0.03726539052460854
651183,161791,205.54939424770885
784469,197265,0.23243174118157242
538866,323714,3.4846473929146415
396793,356630,0.4689648261714877
55408,762652,79.29314397893575
956139,712748,2.0134878558827762
950407,429815,137.4815083602714
539688,354754,41.318053512514616
488972,427016,24.8615670695343
679277,463579,0.23129825143848662
717621,204071,0.0
147687,323714,5.317466338109967
344387,804852,1.4813614092469185
646811,603814,1.6174240173340535
106422,559634,0.007502089461470545
400684,598237,0.02236583274487956
83556,28824,11.80103389009639
857941,560212,0.0359481265360298
921500,712748,52.05422483312504
155448,159881,0.21839508190091633
397832,271305,0.4917303697361851
931303,914322,32.831739214597015
693315,422993,0.11784296189729324
960206,968746,0.28199897282683095
841491,581546,0.006103178122804253
560178,429815,685.102177043468
135234,964047,65.62591681242345
220422,454172,9.132647912664972
461374,359964,0.40858556237267807
930582,431405,0.011824985313482882
898340,959822,7.306329759291022e-05
537780,151958,0.4062144954220064
745745,332403,146.97117185411798
255238,785196,57.47398417961019
155813,546613,168.56986063664678
462373,853711,65.73168220825558
810951,842353,0.7684363464175835
428286,837231,45.27642983159159
363327,124092,374.81301103326444
517362,155818,285.2215254725123
676545,667218,0.3461226048963569
718811,830738,226.64122184607206
272515,252330,41.052142397891096
386252,720021,8.037844906314772
461672,845658,28.27364943731376
767243,892846,211.07972791883796
290858,429815,1499.5879909751734
548897,77532,0.02194044129306614
199575,858686,4.671145717138583
35632,172260,0.3294662110851576
921349,652478,1.121007682859551
548651,885751,8.325846411557679
764100,566781,0.11137846651614561
206430,78544,0.02917843859698057
822352,35691,0.000722574834023478
776400,124092,232.33128997386632
381316,79564,0.19218624603782242
155448,173500,0.0443037074157765
626453,168040,1166.6772057452588
879323,706932,0.18987046680703135
625230,427016,16.56184996651716
550269,467096,27.222075027846998
364412,794732,0.7861996265660971
777692,172767,0.15703203645657546
917331,280800,51.07993650802557
621581,76655,3.1800374514307954
676547,707607,183.8692251700615
994557,203088,40.6512081068349
363327,811014,26.487604724597677
44344,124806,4.494139116706403
217484,139878,0.0493092025360948
948660,825117,15.336464006673433
470988,407444,0.6083549240916089
904490,576534,29.10357233829642
858239,617660,15.274450029858066
131584,541838,0.0
178090,197587,0.0003252647895231493
81638,626176,0.004023487533227955
160451,88581,33.11975544504481
893916,366172,0.0
962823,964047,5.766097566520973
380320,418352,0.10705365565025289
680069,279019,0.48518854639921344
329721,203088,2240.425947791491
338687,853711,109.2980512752593
665381,226012,0.0706883133741068
806610,172260,61.09554784794463
596439,682351,0.8579522762979962
179421,168040,705.8099592886914
502990,19394,0.15196288556537357
402706,155818,298.4541764626347
101021,515894,0.01562307985303532
173042,481574,26.121032754416714
329918,543648,4.10749203948815
208237,603814,0.8143409453144438
696944,724817,307.94804750042607
763874,697735,79.02636752336461
185706,324421,0.13864863903027777
956839,945506,0.21743202288389307
980278,477242,11.218129205853586
388542,68758,2.6594686588734415
229032,841918,4.904165490542012
889517,500298,3.8595851322307135
212644,289302,70.87311651587048
589816,665225,0.6932526035385299
360936,83760,1.8465742716746374
39784,449050,0.011998540285174797
572310,853711,36.66388378925896
278374,746858,0.038985597167207106
848198,858628,0.04991216787152478
931256,530577,104.70233534844881
865855,354754,0.02093485707336354
826268,531167,250.26617598553153
933875,137151,0.13334027872000648
224720,834789,97.30380643000831
109410,993470,0.9204253934958417
862531,810856,11.242317418380043
473629,467336,0.0
645088,892846,27.667435891444875
606750,203088,605.8969322608918
105101,323714,1.4637196261928727
714063,595651,594.5889456296286
994520,94700,19.280994844250653
930068,490812,0.2862778570742376
611929,603814,0.37274317870617074
767243,837231,45.33738433851046
314004,433133,12.599293087836054
160451,88581,33.11975544504481
128643,120514,8.391460027815219
263666,936020,0.4373904909545254
329721,395742,61.305785265719855
500243,166932,0.024636101207351914
956839,209750,0.5106381813241264
495790,137151,0.2599512519501451
97664,175115,266.7370529140191
953808,71619,0.5027321788981803
139237,271305,0.39749216802619536
235465,166845,16.17978640839489
345317,960105,0.003704614918519163
702113,155818,1056.4830065448907
936230,720021,4.733317597091326
996946,256944,1.5739214901657332
494923,203088,800.1765350961703
387838,419839,8.834300757965638
57955,882140,0.06680095080266342
9072,968746,2.1449842756242945
189144,849673,5.450498267072623
259412,124092,140.03438757011023
280445,445880,2.7625364936406784
614659,860838,1.2540688040552097
317525,133305,0.15073422155815472
248522,421230,0.0
208084,707607,293.85819589629347
20501,720021,1.6686437448805223
200749,422993,367.06045955948105
60438,7391,81.72749838258525
239119,531167,273.2738818687621
214829,368515,0.09476506547576001
717621,720471,0.0008380308783616826
16583,161791,131.9094141048245
149845,161791,10.337626982971729
708871,945506,0.12799879465815076
594395,200862,13.22397887238745
962823,266299,0.349734965874628
783758,244124,0.7335978797826419
456045,926341,13.315110487935783
939571,181501,194.78456249453637
94085,33540,1.2644562850869878
677058,481574,0.5821595216937521
261329,558292,0.454682565390785
738689,636297,0.16859841527293634
939238,347465,0.0
811101,841332,0.01950687075324949
393955,404332,15.373325249462416
183541,660710,5.547053383896198
583328,955087,17.189979788272932
342670,467336,8.98277196071721
869053,561824,204.8192222435272
759507,59550,2.6558898286493124
285752,978372,0.03179213498062476
520152,417999,0.7529516844041365
166096,779403,0.9047185772455161
23413,458201,0.000788563151154046
863527,124291,0.0037161704822879726
255026,947182,0.06654379365961324
252585,349340,0.1397527567432741
550465,926341,28.61972033292786
676169,817299,0.003613345840175311
714512,11502,10.49377336873459
375550,648994,12.532982594543679
940375,353431,47.2281843921124
946410,493058,21.738503782616533
535656,244124,0.49974271565444034
387838,161791,50.424729703691156
690769,43965,0.1633733871593527
778959,850645,6.391631179808024
878123,941421,0.03341689822771454
930582,161791,3.578511562255582
32813,442180,12.577625937687628
877034,975724,0.1177972109449431
405415,209750,40.11443555139631
802814,437750,0.0617882259722494
138760,354754,0.24367767340940824
769063,33540,5.5279927138504155
369563,308431,0.12377997461674924
863527,55333,0.0005228153468643415
229536,695937,0.08548856973104228
553919,298381,0.004558615468182112
307077,173210,0.01872674192335429
891024,209750,8.365078116987553
674371,71619,4.320489279872623
679277,731343,2.2121445916254676
208237,131361,0.4067198181702272
494923,203088,800.1765350961703
670600,510309,0.322300392588226
87420,322141,4.866788414426389
484907,203088,475.08798826862704
141626,467336,0.0
643349,85370,152.78743077589607
804482,763185,0.0050205894485943585
46079,124806,0.1799043936619677
920883,882140,0.1382363940879661
221082,34924,0.02214222612781082
148529,68618,0.10925799891580862
835455,513102,0.12614125309875987
821723,744225,0.04707520933513581
381742,454172,2.0660758386583686
84252,419839,0.24303255818493258
674938,165206,0.0022869460531276375
713609,33540,7.120292370492238
35301,569772,1.104317271162973
323213,943114,0.5014664994414915
320312,231924,0.19029031228721474
406426,742056,0.06793481894080586
54907,279434,9.209767450380411
648669,99737,6.269913325017166
343297,593407,0.7691469096574589
936489,173210,0.00721670710886461
739689,207572,0.10559808201284691
983454,943000,0.0038737099312924766
328887,11502,30.894026962950427
984969,508732,0.0009571917075162889
415685,175115,226.37280332851697
154611,372792,6.801896760772879e-06
788474,207572,0.9935985749686693
10146,429815,89.05038521426701
5334,911765,0.0
280345,500298,12.731120328893727
198812,697735,31.37576714988636
128643,252330,35.71142581137604
367242,737971,0.07326044280499946
227356,701088,187.79128001227292
962823,689022,0.0
360936,765004,0.835996150772748
825437,845658,84.67113493849942
314004,785196,50.825468443016184
983077,710003,2.449458744851803
956139,124092,13.480221776219608
9797,62959,40.03283944470386
427619,139708,0.3652900145730038
926285,967776,0.09039185651516538
841967,918042,459.90896403594274
956139,156463,1.714960343873779
983454,117240,1.6540845334047694
197033,593407,7.238795038375194
238350,313852,2.6203298403096698
292771,683627,4.7112849418316785
590674,284898,0.021660495744549667
652256,120514,16.262591819501246
379529,175115,181.68112177663565
831804,601564,3.056921369447342
300740,442208,99.17567943929146
781907,239589,5.539751490438511
477165,918042,234.9540989068686
950278,182948,156.3333012559972
72732,276693,0.8216770898109449
734572,357060,0.14122390942792565
541390,134783,5.382600868401163
486723,918042,335.2398844081412
680069,83760,10.450879616556312
300740,617660,51.8991305037812
249741,810277,480.8357053666301
784623,166845,94.55061545285695
255238,407954,11.336605325319354
52933,172970,0.1544823113989745
715340,59550,0.18236569983565717
318613,968423,0.04081902832107686
996946,419839,40.14975144613699
170321,880878,0.26924380698977707
758559,373880,0.003415828531639825
995474,685277,20.293072079111386
950278,111351,228.4635809705249
218312,528099,11.579550168214537
518921,442180,264.8410381125991
445584,202503,0.22336917255054686
641245,154970,0.8403596768517264
962823,964047,5.766097566520973
580763,325752,0.10180556110768751
891017,43041,1.5258258578574282
588774,880878,11.886842324021957
484907,134783,10.34686600354171
102625,417921,39.593719550202884
435858,631627,0.24843231872629448
565019,676985,12.885616207698893
15762,397791,0.2905402794204975
952776,83760,90.36218939919232
321831,841918,20.80401609699304
9797,244124,6.14967818659476
909826,569289,586.2624848057553
702370,230551,4.35726735776136
436879,530577,5.452288086878962
461374,668067,0.026074945443253433
931636,990451,0.022892015804147733
511164,991841,4.331618530911882
552679,580751,0.06884084962733625
896821,181501,233.4800471640861
864274,831838,4.532193648379803
558817,539831,0.021246422981986045
338687,683627,80.05628306463032
68322,807942,8.267572422879978
490549,99737,84.9536819848985
635419,918042,13.37495940649914
784451,353431,45.28374067869765
321831,926341,7.161500933279479
278830,716602,7.399085137674166
781907,239589,5.539751490438511
756469,133019,11.586985220927167
154832,231924,0.03926132214935891
845634,465904,0.03195542007219641
393955,546334,0.0
307836,285685,23.345025840930386
372854,217961,0.05143521636055476
380320,582264,1.792686570708895
138760,786341,0.042692056495088296
932825,161791,167.81247254233264
475311,392334,0.981310454773456
908195,680503,0.4878076850988846
119317,974267,17.8367928637844
239119,977491,0.03591775035154923
572310,789786,2.3275241442157006
642984,366462,0.00023143558907435136
198599,866793,6.509854661542065
308024,417021,0.20184124260855374
763874,128283,5.284516388081603
514757,22156,0.12704028378160404
858239,34924,0.06387300674914101
97664,200862,13.645654546948727
684086,466274,3.915048537023587
160451,88581,33.11975544504481
287399,372657,2.344905384570847e-08
164135,337273,6.744986670193366
143176,880878,2.6667425850544237
145,430087,0.6501479190657177
364412,681692,2.607435396197399
884287,853711,10.140107974365913
216482,71619,3.2926288396131707
662733,759621,0.00418392683304316
299012,850104,0.010773011900789454
583351,880878,0.5091873446910581
416958,943498,0.006047488863356177
69792,733553,0.9120953556737172
387456,595651,3.6332359274192108
243896,252933,0.1015322479299953
152991,361613,134.09431901875712
858258,568205,0.0
46049,894544,6.951301038613808
502855,442208,853.6465601197059
413862,442208,32.918255907115146
50105,278891,0.1310527734689031
863817,998913,2.8736158271636034
490549,422993,84.16549507900685
656748,840981,0.01079782999680149
562020,965622,27.610336259730815
244421,530632,0.03191846421767108
559800,43055,0.5333909173948428
549429,853711,368.82281092169234
363327,837094,3.9544609984637247
778959,353431,4.33870527834711
978744,305866,0.05597026300287762
833290,694628,0.24279500747295585
939571,361613,1180.2292044069886
295282,914322,0.7131821634521082
777692,693469,18.35227243425412
588548,357060,11.719519033664639
536001,814031,0.04211613105474929
321831,690691,2.4086882532413747
764148,969697,0.0
14688,655018,1.0803687110552496
144562,765421,0.0
107122,311506,0.32354587005714863
812593,81663,0.01054835658777662
624871,974267,0.003534304727383292
674938,817299,0.007239021249926418
110303,442208,10.799895819287215
619310,230551,0.5538355547972026
886976,595651,0.06450007636875642
292231,357060,27.52346489080799
863527,19394,0.21494756075823382
927895,785196,74.65079522397612
175764,845427,0.01606488374283959
888338,176088,32.44173278264139
742254,427016,2.6910349641079883
324446,453949,0.4626608184968746
652256,757587,74.17156721068386
680069,720245,211.509474809438
784451,111351,106.20085543557798
677025,631627,0.2220644425609274
296676,923116,15.410896050767132
341782,222168,0.10784564981655027
27282,685284,0.09302300223678749
494116,155818,8.175558706296314
447121,528099,0.07982440732138549
510562,230551,9.92309292007369
677984,124092,6.019133159365648
214829,546334,3.254862934768868
209564,405050,178.87402883638546
726374,912372,0.0004045879886254836
345522,235559,0.007523623901156279
118098,513102,0.46153799156758657
786606,467336,9.328786311421318
17180,913809,27.950659560692024
889399,853711,0.0
846172,155818,86.21083747187679
67558,307791,0.8818687655205587
929711,710589,0.8928348524329807
698431,693469,14.692050760885431
488932,992122,24.542629849069982
541424,154970,2.757869383756793
160531,75840,0.00286782979758762
168346,481574,41.983550573229905
447968,418786,0.5810874297977227
663510,161791,3.235299356357518
435858,97764,0.3455346497810628
805478,442208,208.9497455851422
551116,676985,0.3092225077613559
792165,467336,0.49547119212124774
30144,250431,0.0
1539,158427,0.6127100369018254
982806,660174,0.00439432019955222
119317,24488,1110.8938715364773
417037,323714,0.11877676183811349
617795,728573,9.334847972313133
213860,579967,0.11084564063767262
783042,528099,2.4721613917931844
820043,576534,8.4605578943737
513869,720245,110.4889881536346
292231,720021,31.760250018924708
872280,821099,194.15533353179228
418840,546334,4.318185142140504
24901,467336,1.3634271052641609
945432,887902,0.0035067304374687106
243588,121020,0.0011269175389541936
782334,615562,36.70275184326319
961018,282435,41.509252937389704
735011,503267,0.029684762755085237
395918,558616,0.009662000889906446
82245,825117,1.1329630280073593
40167,222168,0.45966610965898774
187469,124092,499.5001505210721
59627,230551,27.48238140118407
173108,658396,0.0006477705938652564
280345,312649,0.7599307710018345
537780,151958,0.4062144954220064
792900,842353,0.4005682834961366
249741,683627,60.33606836111239
109576,681692,0.14486342143103703
994520,62959,41.51478025158016
676547,383272,3.883320142079924
387456,782278,22.340468095677814
381409,842353,0.3347671262808299
22741,619680,0.00024592910693862146
978528,578968,115.96841024612077
112134,15238,2.3801020138714812
916590,19394,1.3788711217061673
200749,652478,746.3665087212964
940045,50627,273.195959257648
457741,82472,3.1459662638904615
999975,337273,60.62866789912346
702113,124092,3538.7263436278577
445459,617660,116.93154897261613
560178,347465,71.53631660266294
927331,950005,0.35785382503000807
208224,837231,6.859754486499153
183541,268162,7.5102861276717405
572310,586320,0.12078876457609257
413789,156463,45.865966879966315
272968,853711,39.43075926223392
580758,579967,0.46104263258725037
971290,15238,1.2561904482596606
428585,134783,20.720747577618564
127409,251377,13.299820413280178
772157,124092,485.9846187322929
300804,493058,12.435425591388707
834971,761992,2.448710546081529
146170,772796,24.496550014347243
596916,442180,105.83113905204137
694461,833579,0.027546520588909405
687395,357060,0.2135663188459305
226076,546334,0.6233034304949352
878123,50627,3.308353059882279
198694,397791,101.7307960626038
670600,510309,0.322300392588226
469180,610393,0.5922240223167832
572442,716602,4.330210231200927
237425,62760,0.022276070548460192
999975,765421,1.0765580551716871
826214,124092,1327.2057048492982
351038,682351,3.6261624199627467
708871,358877,1.1916912655303442
893916,464465,0.044488777295437494
202173,531167,90.72089833080503
40167,853711,51.1443966078214
980347,13960,3.960986482490889
553396,247498,0.2949383564753491
845632,618540,6.387895793355519e-05
386252,979791,0.003062980240925316
601817,843807,33.76866403205765
204933,27852,0.06021011385176193
578454,231924,0.0458715383295738
983979,79564,3.500122359659668
767217,752391,3.0851414152102614
178036,707607,1308.3429584847402
572442,817206,1.1013854737459052
508803,944806,0.47944398516773584
217877,779403,13.86831030166368
860559,378771,10.79954119093014
198694,442208,102.59177671037365
13084,944806,0.7073904589082415
994931,220331,0.27538990882381725
489729,629128,1.6279206461400537
564202,429117,25.945433230693094
617317,902478,5.126354359509446
452902,449058,0.7913599664453854
820777,417293,7.494046201360295
784451,707607,436.02335983193296
509937,194983,0.4679758947957456
518921,442180,264.8410381125991
316303,442208,107.48651463372384
583366,322141,0.13261916833670223
500846,404332,141.25773029078934
921349,593896,0.020004832838771545
589816,200991,0.1428034278641295
838702,892846,2.547432503415724
777914,945506,2.2721160834501455
536265,622212,6.68071461550423
617317,481574,0.0
834971,500298,2.300933281938036
991163,825117,0.1985549034019423
235413,154970,2.224730946817716
485327,563716,0.0
143176,880878,2.6667425850544237
104494,493058,164.99682411892803
846172,958530,39.00358858374936
183697,419839,9.957904070673957
208237,984203,5.381844215090347
182917,772796,1.2465222080524951
307836,578968,18.620371736120678
21485,697735,16.22273201936825
662733,263311,0.271898057147972
633800,960493,2.9671882304480034e-06
804583,59550,29.21818592138384
239119,892846,46.96068476550252
387451,341932,1.135020477382709
365616,68758,0.42693199046073077
173108,530577,2.4572609192047827
867717,776827,0.12797254191638827
300740,810856,46.65748083502159
405415,166932,0.5616691739150647
150265,122935,0.4512712337771729
226184,193033,0.06154493089648927
887167,62959,37.0662727265864
533645,936020,13.338462556130764
320505,357060,0.06285554501514681
921500,849673,1.6994688142658283
548221,610392,40.40798050949754
368452,467096,36.63064505547545
363878,230502,0.00018965546089817504
212256,284898,0.03848888804633094
980347,419839,35.078959823632744
943078,974267,14.591917318646683
779163,203088,704.2168789513426
757708,528099,0.012165849332433266
583085,6139,0.05507055227590338
30727,217762,0.014698411440181554
561339,887902,0.0012484859594733835
909495,693469,11.615282104189243
374572,134783,108.56987657203356
884287,134783,132.79221152383312
901815,155818,216.25360281903448
477165,926341,117.73758098322841
721041,292823,8.760653396470236
68322,45981,0.4504984162054979
951876,263311,0.20527581881106272
875919,772796,0.6602108596317988
632109,364227,3.972643430776762
773773,885751,21.30596557860296
956839,11502,4.479920815228968
301337,361613,836.2597500372515
675367,969697,280.4417676408648
145284,379168,0.04702333151731567
858239,222168,0.17086789620153872
102809,132768,0.0035876909386558893
136343,707607,15.29488770519588
873129,720021,1.8921572185527413
743325,166932,0.054885225297950944
344387,322436,37.68109898184485
280445,361613,292.53332351917584
83556,175115,259.2609234679972
220518,362489,0.17989729658547673
185706,944806,1.083743881868982
750533,768391,0.28373205091199527
834971,733338,0.8236007653879877
107122,33540,4.700649988680087
757708,828986,0.0018624188755245149
879323,417999,0.09223809090120735
185706,85370,116.39661341432513
387838,358492,77.30955784155384
152481,421381,11.481837672057297
435311,530632,0.14069091975290585
385467,890771,0.0004604999183651097
890152,64135,4.370072394749242
909244,838276,0.0
749597,811014,94.37219275165772
833025,299199,0.00023778102423124855
515608,701088,2.0541239137290366
194857,449050,3.704293656762924
617795,481574,27.935356501242545
584862,681692,1.0270551606061473
890236,912312,0.22992283105991476
749597,311506,14.077885445204304
217484,121800,0.10318550044185475
546836,68758,10.868836249763376
615851,720245,11.55780130689518
202173,341932,0.3571796785688798
547245,337273,103.72528562915527
130948,648801,2.0601255514834824e-05
24807,494777,0.011883574267945451
819064,22989,0.280986532433325
499564,706119,1.6082920435602461
310461,531167,1585.114051044241
676547,982698,4.2238900451594406
405415,352427,21.857870309975382
625230,99737,5.217496882302699
308469,510343,0.028268042582138702
609299,203088,2.8973754875441777
51230,817206,2.7543984315599714
227356,361613,118.05057999042494
824555,639983,0.21479800582534922
933875,807942,6.278138934074908
208237,172260,2.4763909660001246
782910,855224,0.06944988283887651
510562,22989,0.2658581714817497
917325,768391,0.006199187382890734
425517,508949,1.8981644352597897
223302,513102,0.020453531790389987
233229,543648,4.423415880522603
307077,222168,0.07250667529663646
958627,890120,3.507856812477771
889399,461185,15.896901909110882
749499,767751,6.520077280603241
46049,789786,4.69817428488709
137040,720021,6786.101746409209
88225,626986,16.954583691538602
788474,207572,0.9935985749686693
120748,944806,0.04632792215093067
455432,280800,33.38930984191603
798629,501406,5.1524331360485895
856725,505424,1.5104217301856557
694461,365434,0.0
569729,947182,0.005497143979501341
444135,337273,351.135604117392
619849,915961,0.0
377319,944806,2.4576493713322947
550427,720021,3.125126075683125
51230,853711,19.457292012351207
374572,656648,4.757586634339901
12180,34924,0.4879675969679569
150265,660174,0.06478444588065004
227443,166845,2.770945699134889
314004,332403,50.756939189000484
135153,493058,6.245625507616899
91355,71619,7.008099903427245
301186,361613,1705.8226204238915
195691,853711,34.62551733244556
174752,969697,126.08238500627061
336630,717014,0.2632064432558952
191061,896897,3.852742275710641e-05
602086,955087,1.6077548823364392
992466,610392,4.412892262607895
633398,959822,0.00044814375912277736
655693,419839,82.55614574574906
572310,467336,32.81805438763354
993698,845427,0.8051622243828799
12778,508949,0.1961604190729651
370851,81586,0.2113726242975683
568086,733553,0.08291579155187391
101403,810856,68.25248170417495
400288,127368,0.15045880126833802
202214,176088,18.661932926555142
106743,272463,4.1213658942031834
117383,426319,0.00767376218352737
804132,163987,0.10545537858033467
233136,745054,17.12436770649199
103719,595651,1476.0371574764015
857999,205688,78.4644983543625
522992,285685,34.34281518529023
830138,467336,0.0
387451,950993,0.2345856064957196
992466,19394,2.1349869248683344
593103,427016,19.4417261701362
784715,662929,328.6359494246969
125115,357060,0.018650435252296472
523601,327235,23.51354986252141
249667,98678,0.6004527079394928
908195,158535,0.03597151535832454
179421,683627,25.80703048695481
725592,313536,0.2390297621609244
235413,59550,15.834641543612156
385510,560212,134.9353646019044
495692,139045,1.79286447011697e-05
271278,490812,0.09540363655325834
887200,429815,419.7675527551706
169645,343176,13.71584765047502
983674,414172,3.0022146917342067
889399,111351,0.0
729972,361613,1010.7516850946602
980347,197651,0.046697922662268965
213860,356630,0.0468986042012054
685438,918042,844.6500759909262
173042,466431,0.4661675967727958
454428,354754,11.251769446179882
385467,298381,0.013457616203256792
590674,760269,0.17933542870376049
567216,772796,0.9677354088156215
40413,313852,0.11704169014998865
279138,337610,0.0002596270931032021
135153,853711,0.0
143176,878826,11.597187495007327
871393,918042,65.28659347698908
25383,765421,14.908244174197504
779448,467336,10.170318228955008
113887,831838,18.247894247161806
70420,417921,0.0008726458350653188
154186,719321,1.8825546992037496
583085,419839,1.23217004596673
179421,325135,39.17782733091473
872280,203088,0.0
753692,660124,0.046603551698422646
544870,298381,0.49120590460494695
326381,21244,0.9101905025416562
212644,865987,0.1497245108781966
398903,628744,0.007518780610731949
939109,375031,0.25450776022660687
435858,244124,0.5222303231904253
915822,610392,119.70682442205461
617866,740537,0.1891285771286506
24901,172767,0.13511925808281486
472016,158396,5.456902188637447
117648,85370,689.6560504302629
956139,161470,4.55282695238164
101403,634974,15.01558909377394
921349,600576,2.601815172047405
784623,219307,89.5951074174438
909244,166703,0.027778299679764
662690,880536,79.78615812990444
275713,974957,1.4312485074905585
674371,865987,0.48307052041599685
550465,30048,0.3068592182752136
987042,956375,34.22767668272883
994374,563793,0.002578897357727808
264895,230551,0.037611620136707595
132271,873407,0.15594254120644985
497095,175115,298.0545974433221
663510,324722,0.0008708600699657044
504078,712748,38.02589145334191
166107,404332,50.02902737602732
580347,467336,26.013561247484272
349749,120514,2.310399823588709
314971,121308,0.010842056412060605
607890,843062,0.0041506777229332005
738689,695522,0.647518659627353
88833,369424,6.521648065365997
927331,81586,0.45386439690876146
701078,676985,0.03847087089951838
798629,720245,561.6200357578177
98220,940359,0.16543660500378765
12494,169708,5.663335246465961
890236,930630,0.16168005708074176
14468,675314,0.7337916446274788
92970,697735,0.6802866968129976
830138,442180,558.9429187957827
705632,569289,27.64604772628887
857999,569772,2.292272611160598
534751,853711,81.96414882056226
506480,247498,0.7860451785280337
322877,371227,0.007252685374891461
235452,359220,8.273756509198751
132271,138281,0.2126958167258336
134594,46696,1.0651696371409753
441435,682351,4.20382745733469
558817,528099,0.29186807891964506
15762,189673,0.010846858687624887
687155,823729,0.03386707407933874
531278,830826,0.020566286206873674
145284,790991,0.0181138701858429
954515,845658,434.7034073865015
178036,181501,299.77655609685934
995474,843062,0.020290381465599285
778023,882140,0.506352306496233
700784,606225,41.05441414069709
665381,737971,0.48420297006575996
541390,134783,5.382600868401163
198793,322436,0.2537074864695428
326381,610392,2.7431175276444604
770147,133305,1.6188842847142177
933424,780093,0.0027288806489484457
886557,395742,40.21989941989196
402936,913129,0.5356609751063542
189623,467096,37.74542941246685
74017,482465,8.258528875335182
71369,728573,1.0572896020932425
991436,916093,0.0
583351,161791,29.68440241366662
46049,956375,15.729755315108747
613750,513382,0.037080679878595986
527585,154970,0.2958657510384252
770147,842353,0.36866901988382056
951876,211286,0.17843803580231207
959850,580997,15.38389280833511
837400,809762,0.004379184765562281
798629,124092,1457.8529766881875
508580,442180,368.03240435504875
225106,589953,3.7619737448503523
875987,161791,86.576267631725
144771,181501,5.385041876526176
476123,197587,4.333612503394424
872098,173540,0.15638551787032026
821622,991841,70.51179762430672
153473,11502,24.01419650813581
819316,923116,2.8190235550403737
485420,653526,0.03180536284337325
749597,968423,1.0463691487225757
589816,166845,3.613220153429759
88536,90870,0.4524433912901954
492335,313852,7.441614291535774
764100,66853,1.2184049667686223
421038,6139,0.3887113391618711
965592,835492,0.0
909173,576534,37.10744036088695
836445,714905,108.52938299327012
72444,119506,0.004850410249350428
454933,19394,1.6629907889452857
498989,158427,6.502605710358116
918090,720245,98.46815591036733
855085,644221,3.089347537525081
875987,755701,0.13659190791223758
425517,419839,10.794897377412592
160199,671635,0.0021466868430257777
590674,239589,0.13902714511799757
399905,133019,12.9835592925749
699658,178147,0.023262044168219424
599046,825117,0.07577259472123087
263144,558834,37.49883888452974
940375,359220,119.38137379983353
499932,865987,0.26599327306535453
457220,984203,33.28573782541585
352318,827034,0.6512654189761461
292139,327235,5.123396924261022
718042,918042,114.05585751215719
652344,412048,34.15800024069304
539688,716602,60.13155343102549
569192,657582,0.729370611733418
589614,776827,0.7382628168384286
792900,550395,0.9242590751842004
653180,342381,8.934466836358467
904490,134783,292.85982396607125
55408,538378,0.4006357732973522
220422,837187,0.0012836596079171694
709535,950005,0.0
417037,392334,0.24707289662095827
88536,742056,0.20393051325623116
12180,600576,12.57902376570115
264058,740213,0.0005478510921674036
23921,689022,0.2500305422415317
339740,885378,0.0883393904255423
594395,134783,67.181503469585
748640,92270,0.7499928438911043
517910,209750,2.274903792182416
446114,181501,45.4733850337623
705897,430960,0.012789980643280276
67558,395742,30.43667753353456
439346,343176,2.0823844974118786
828331,161791,21.088353235950553
892491,200991,0.691013785265268
931169,298381,1.654751579580225
189623,640865,6.186945817221715
397925,404332,9.22958353702144
956839,731646,0.10242169992050176
36970,660174,0.061742045907691945
106422,559634,0.007502089461470545
141927,618578,0.004471584957650675
391289,955087,3.769815718598972
263666,689582,1.5638429869503416
12180,600576,12.57902376570115
489729,850645,13.303903937426188
789805,652478,16.640698869626075
491298,279434,0.0
572442,337273,45.130996777456446
117648,660710,10.032017075527929
280989,414172,0.33303578794225647
328887,90870,4.526458551497889
317525,132660,0.06924860170416487
322417,935585,0.16918321407301146
85151,785196,10.367334246501407
38878,918042,100.10183881815954
731718,232504,0.4290472432765582
607020,107692,0.45054257775989504
403396,618578,0.008972484139755925
920883,354754,0.39704700268754567
98940,366435,0.41827965827255464
229536,212366,0.020796879237967365
12778,975724,0.5303895606771944
509937,998913,0.9858494182773407
784616,3894,6.236696450427894
877276,668467,9.561766265276386
784623,352427,64.97961654500762
632522,742092,0.6296875936719372
400288,222168,0.3016745724318439
382421,209750,0.5985635576936104
669256,442208,114.00769721264378
805478,683627,25.535954775951318
199575,850645,22.119793967843176
429368,212366,0.2356631813964418
502855,853711,424.6223548608788
679107,384028,5.490249500140757
55053,895595,0.00044336554184389677
675367,361613,454.25429751668725
672075,429117,117.90094129157175
790888,168040,357.08700581986193
927331,109628,0.11587656501753488
654489,202503,0.23551517178490214
139237,354754,2.0370754199331094
152478,203996,0.29404437942119965
259799,710003,0.13713961140681183
8900,964047,2.724206589227651
920883,660174,0.07202089399802407
55408,682351,0.3176421719099723
314971,720245,100.69747320626989
270111,415782,0.010515769492404589
705632,569289,27.64604772628887
118488,752391,0.18542352507869383
185660,866793,1.8556920033574698
72444,890120,0.4669350453313459
30144,712748,520.088947926264
266071,28920,0.4211137198957104
984969,252161,0.19327715677552976
40167,311561,0.6307035921340827
173042,601908,0.2570520916805714
102901,543819,0.0002037391949045603
390708,845427,1.5508419040539358
30727,20945,0.0029549902414056244
143176,78544,0.02460323526650032
709789,958530,40.64553092798964
160199,390190,0.0015935289791115326
960206,85370,3.157666554304283
161042,962732,17.08632970964754
402769,926341,154.65652862643364
202335,617660,38.16654182639386
642482,246334,0.3244381117577519
519266,63682,116.28926724903475
312559,913809,44.28042196298725
238972,950081,0.07367175760944684
325302,155818,208.75238025841446
267531,964047,22.20336251839951
508406,312649,0.05857604550240571
960206,745054,0.352358468444974
994931,814246,0.00022342733999047357
820860,839911,3.0527494162015327
32806,940359,8.457223399783109
424504,546334,1.47663940110032
314004,442180,143.7015904597968
837172,442208,284.73948677136997
393604,453204,0.2786819444902624
224720,95297,423.2276954952489
695893,670344,0.036108175551417564
393955,85370,39.6297138051867
367242,431125,0.09870893672832289
711400,887902,0.014294485354525592
484907,265980,0.018839427113246255
646566,64135,32.266570006767644
102625,24488,3225.820446466706
888088,676985,11.692565962143474
681518,821099,19.589354608608858
749499,230551,6.378360384210374
728367,322436,0.14417632658320076
787676,672235,0.000592530293838553
978528,429117,83.16963320494348
677025,508949,0.27786306254538135
91756,785679,0.0007250938726642928
549525,853711,100.44219140483793
787417,359964,3.319797264278162
923619,270910,0.019667257563023538
400867,528099,0.35415289658760263
737755,957839,0.08971207907295341
74425,589532,5.943572928095591
568086,936020,1.2620117518816725
890113,853711,0.0
235170,569118,2.245721105668575e-06
536265,528099,4.8799353049276375
530390,866793,6.86893925249711
977079,313852,0.14750529735262705
389769,875119,0.0
428998,49726,0.0006972619042382851
97664,821099,61.61725157784051
575204,252161,0.06070808447710437
699658,528099,0.2326987916068255
791435,70231,5.3433125830423105
846009,85370,48.8690088542288
721150,676985,20.284953192659223
275713,111351,88.2929366606672
194857,412048,36.650625084931264
170550,402992,0.0015442352201247378
723044,417293,13.627796433544049
754834,244124,0.01416417844925133
822352,199701,0.12097365084384364
235170,352075,0.0025816176625833597
177443,964047,10.913209240155343
969286,64135,15.998327015176624
987325,181501,401.51279912598096
617846,828819,1.1344137403758652
33121,80605,0.07215332144062943
956839,11502,4.479920815228968
367802,265964,0.04897716710494469
888088,404921,2.5526864889196816
520893,384028,26.90671604197948
809698,442180,77.05880799058127
165614,175115,51.74334869007658
736141,831838,2.9432104874114207
96798,807942,2.662986750571845
973459,352427,106.08390522128302
237425,157172,0.005533169497030252
809388,49317,0.003684935523764193
545414,498393,1.9280278507980055
208084,477242,29.226593287047418
994374,701088,0.760826697299641
572310,442180,93.26763862393364
640518,59550,83.53284208592291
83635,637840,0.38032334527499956
144562,173540,0.0
776400,378771,14.497313680441456
16583,528099,4.2844638121214915
190904,268162,0.19131134135987984
893916,124092,4.399167747655042
179421,926341,238.87409601133538
701078,110225,0.00717151092374795
202247,467336,184.76247410136975
930675,133019,11.24235694846821
852394,85370,0.0
177443,746858,1.1705922153628046
562020,530577,9.979598958784624
197033,748799,2.7318816765758793
82245,853711,17.14109181382066
500846,359220,72.21245166279355
413789,325135,8.408784153048243
879323,989717,20.045476523760712
202214,779403,31.89569424065279
130226,617660,41.69862268675252
271278,15238,0.06060306370240928
994557,134783,42.69363455272395
227443,120514,0.4440849761594735
85436,166932,0.1392640964478425
430771,40691,104.76521131945272
800567,313852,0.14509606275238693
594595,272463,81.78364165527682
602238,838905,9.344512864309685
808515,706119,23.74744338118491
412878,311506,0.3879338072851272
187384,698235,0.043276351789077
356813,25918,626.1405414922099
984969,80605,0.01289846789542138
416960,252161,1.2174742384411745
40413,419839,0.7700555118233194
502855,936020,22.42294296278836
844831,34924,2.029654151885999
949563,879164,0.36381566059584425
50105,543648,0.7323954729995132
152481,610392,19.159337562763756
434435,785196,13.216815812653058
33464,845427,0.10565880487168547
948668,30376,0.04168085049291274
778579,957303,0.0010772384418572568
961715,161791,0.6540123520580786
873523,352427,3.0101005478104055
578024,353431,2.3888638148945356
304321,853711,146.4347690324913
791435,103828,0.28413833005758937
417654,64135,46.491548796757044
749492,64135,3.719788122776045
185706,124806,1.5727744356655844
350827,277274,0.044991709854426125
51230,634974,15.278757412788213
399905,203088,82.98345881368438
857999,404332,231.8724239413839
33464,303562,0.003869802201282007
184614,977586,0.23237958845701312
973459,166845,129.87208204111423
377658,668467,13.292524747894658
704863,578968,24.67522793790263
633359,880878,0.8403290574427665
235413,209750,14.59990688091843
465371,372684,0.0011823385183966605
98667,207572,2.1432155589319133
619079,158396,70.25950385620048
233229,768391,0.0931389130700327
845529,63682,3.942250877262943
322585,693469,23.055943700746194
277054,405050,31.679743463329803
88833,744225,0.29363296577406683
46456,914322,0.5342743703960054
15762,668467,0.05239013063889096
647391,657859,0.19954891585043164
239727,683627,17.992898010321603
501468,879164,0.04730993603977851
642482,209007,1.7899285584829516
3028,209750,3.816331469192392
212710,90870,0.08257381425805109
472016,28920,1.0922708567155166
166292,530577,6.2679263750648095
633359,191894,0.5697929404620938
277054,133019,20.31951297417047
835622,197587,0.02114902054554677
423178,667537,0.012285013557565241
259639,974267,1.4053441709330123
845634,419839,4.6752176634527585
792165,134783,37.665123436303105
789430,155818,28.201199453344337
277054,343176,16.75052634408669
214829,191894,0.3837242592556537
540926,279434,0.0
857941,706119,0.22454724622474034
764096,821099,77.73815947965569
834971,733338,0.8236007653879877
14468,675314,0.7337916446274788
912908,493058,61.367020835448045
853921,172260,0.6855473464492505
164135,337273,6.744986670193366
469062,129281,0.30849259105371235
416960,166932,0.22267886863789976
45937,904169,0.006511311550741926
834376,169708,65.65345944201884
909173,175115,460.547349957802
920883,660174,0.07202089399802407
965592,930577,0.013784816922801188
406426,950993,0.059434429030592005
103910,7391,4.627606072547199
730687,133305,0.011621045904340415
629573,116583,0.03952397736584663
277054,956375,2.16230566416497
803618,927649,0.0
275753,390190,0.0006712338315956568
680728,71619,0.031147102467430687
676545,419839,8.065947968998472
821622,665171,40.51120899606048
342670,947232,43.21164087549345
494923,282435,548.1901867121621
6135,493058,14.953665930740252
931169,473976,85.21189135196673
655693,85370,21.45665309744966
492472,64135,0.3467549880364237
364034,842353,6.622601339373199
25155,645622,1.8685159261310105
677058,720245,33.23683475758744
422091,112277,0.0002948972239903754
170550,302845,0.008168672720483642
402769,175115,442.4540275545718
454897,516667,0.05083719288612523
824555,28920,0.6383703918384788
971793,765004,23.52731455603428
292771,124092,1191.2729469524716
103538,357600,8.835485569935592
124877,440242,0.019947796023857343
706244,614148,1.0795824824170186
88225,361613,203.7042252245273
699074,541838,0.01574009104212343
459393,251377,3.988215053921186
607890,95297,35.077163803716914
369563,839911,0.8287088367778606
421565,134783,239.39805568798775
72738,9090,3.915239379024106e-08
396793,169708,0.04409244740554177
594595,442180,252.0902099913797
971793,810277,10.093401966920718
445584,124092,191.08519060236222
189623,442208,287.72438360561324
617795,830738,127.2674752276873
896821,576534,28.93113799455409
743325,671604,0.012404084368576374
960206,357600,0.1476530403314968
49050,64135,7.539680727708497
141927,618578,0.004471584957650675
966008,5626,2.405326364862914e-05
269980,674187,0.0
402769,85370,149.85948621860288
370851,943498,0.0010735983625580405
625230,676985,3.103887422651898
995957,853711,137.4168852955917
539688,707607,523.2467607995166
155813,866793,146.71102818825202
144562,158396,0.0
50241,608480,0.028224508276362463
504523,342381,0.2565189207523087
757732,337273,1908.2205563634634
548221,282435,170.26313468606182
951876,693469,45.97411246350446
287882,955087,1.9885401705398909
890152,879164,0.39480338779222446
320710,322141,12.646731260816575
638857,369725,0.00022853794097250986
546836,218845,0.04245169871828698
502818,660918,2.7534090072002315
725812,753436,35.191191404477905
865119,332403,211.8798306328681
568086,532822,1.2199839327954856
620868,433133,2.5230718974694453
132031,555325,0.12583247513324017
778959,332403,38.28160133137765
33464,750287,0.010064958683677119
382421,270910,0.022724550279492845
638857,845427,0.10091971816073159
687155,158396,2.3976629185842806
252634,21244,5.815657266174092
259639,503267,0.005198413227739995
663510,676985,0.05944238780271896
854305,303562,0.014371447227803263
30564,812449,0.006990195017675377
249741,683627,60.33606836111239
204172,347465,52.669343467627726
91419,208721,0.008794518392469825
749492,158396,4.088841752558331
713644,175115,107.2988504956559
196165,358492,0.8543947748985812
411790,220331,0.15676460319587948
929711,337273,24.166061791313442
484907,134783,10.34686600354171
568086,576534,5.731890656007215
889517,516044,5.664934242402805
559248,429117,123.8334413702478
497387,807942,15.981900234157921
341782,633474,0.8586379595535134
294105,546334,29.343980156841912
651183,974267,0.861863851470693
983674,196949,1.6378866125574143
10146,644221,0.7269798230566128
835455,618674,2.734576186979481
459818,652478,34.42303915333135
751455,712748,54.49392998893314
269328,567422,0.23188529951339037
499932,892846,16.934948850314207
179421,442208,919.4076863962775
758559,516667,0.004876220407803562
742254,208721,0.13285432811196407
522992,830738,61.465419712609254
518921,962732,16.7799864027031
593103,765421,5.876951434440937
85752,577053,1.1130943458752505
149654,550395,11.551801843364236
965700,475471,1.676461738266959
84439,530632,3.475764297005517
663510,528099,0.10634301712867712
888300,923116,0.12647938784167292
648669,660918,4.836124960817311
685892,442180,82.59232037061209
877034,263311,0.01782189000246129
196145,442180,622.4807552066287
165117,520816,0.11429677089971754
166694,407954,0.47706247380333594
709789,124092,1551.281018112246
452902,442208,210.70506071863687
49766,880536,0.5978476864606515
90694,978372,1.1494913156557929
582638,978372,6.2238053666661886
548221,155818,140.96247119558228
3859,107692,0.03697771479898898
33464,71619,0.12594657671383563
460157,64135,74.21301394554202
239727,567422,24.212596763061775
253537,936020,0.1484160761185618
567216,306419,9.66523541682406
807227,15238,7.7712199457984745
614445,731343,0.5350286146111178
690769,172260,0.9671843685175092
541424,465904,0.0855171790075008
677984,222168,0.3951731997671393
103910,858686,0.05436281826997917
617866,175115,4.884105620686114
278830,449058,1.1180722531251603
711678,610392,54.98762037137418
541424,950993,0.3979439763317342
552585,998913,6.574329754223244
59627,322141,21.47281764886954
821622,695522,79.469826549714
470255,510309,0.43336454610030767
514757,90870,0.5826285642848446
945089,634962,0.0007597569261557407
184614,297030,0.2876302567184165
713609,62959,11.602540247636624
856725,134783,5.840128476843921
914075,205688,343.73646843705734
826214,701088,148.19514445453225
52457,175115,336.1243334925272
952776,361613,0.0
433030,54879,0.17130000970288525
583366,24488,4.718899042604826
528461,866793,12.450606976326053
364034,841918,9.795637050510088
296676,163987,1.1266012132015726
142118,24488,32232.76340919804
180375,122935,4.10541968593435
588774,880878,11.886842324021957
13163,668467,5.597772205916918
399905,103828,0.35440539148328737
319372,397791,409.4943776727394
687507,359964,0.42170175915575364
763494,142649,0.0
208084,285685,99.98302864797283
258017,442180,219.7657381954317
803618,668467,54.78322863465343
275579,62959,213.81191921899705
968045,332403,112.44206508885031
483556,805598,0.00043257726223197015
779448,637840,0.12902005630308946
145308,516044,9.536467388649529
939428,18383,0.036811226634025106
252585,194983,0.16809359933380277
305246,156463,102.95682877530292
803618,429815,533.6418186942012
725592,710003,0.13945555736371223
339202,737971,1.2627182349280586
235126,322436,2.816879446297851
28913,13960,0.31025174502304487
364412,681692,2.607435396197399
653180,176088,2.4440852196862655
994374,412048,0.5946312723314691
878123,955087,7.0275778251913765
617317,203088,0.0
553396,490812,1.2336857300842519
469487,361613,116.57438244310104
67558,307791,0.8818687655205587
278374,876369,2.4079764602941176
700784,461718,5.144692190712629
623472,175115,584.9995478592475
320710,266291,15.099834216679428
702370,940359,3.6812454262223864
834971,309284,1.4049796102300163
962823,272463,20.428433068972872
142105,619680,0.017195974962348714
100501,807574,0.11542068392903605
18043,858686,1.0085848406714242
294105,923116,7.363100771488443
87420,720245,15.32913025442493
499932,955087,5.921685786116995
940285,172260,6.7202881905831395
789805,577053,2.0122555701439975
134594,964047,19.683663874441685
500189,389719,0.0029686813232411317
526882,878826,9.559876819205149
640827,21244,0.07829058702622392
580763,259282,8.812739917599895
926638,359220,1167.656634790164
807227,67592,11.27256978436346
280445,203088,181.44214870394086
724664,25918,135.65127320634193
106422,349340,1.6539323231127891
224720,282435,2622.047674200741
18043,156463,41.459888777170114
308469,539831,0.28497985513500385
523601,203996,69.29072220935953
783758,545918,0.32532879813939986
212710,97764,0.02767816843162362
731718,760269,2.383543876978978
736141,62959,4.471012046291794
694461,365434,0.0
235170,421331,0.056559724357991774
236412,173540,1.8903230952029784
772279,71619,3.687030096459706
914075,110225,16.148571451596766
5795,268232,0.0007955437403492406
68228,481574,4.117143109345059
17887,15238,0.7767749592506368
469215,194983,1.0723605209142881
862531,397791,13.093250706545081
680731,161791,147.216003920569
177443,203088,34.542967715299035
503376,843807,1.2246615032135622
933875,614148,6.134182258418403
241456,13960,7.074671091289571
239727,168040,1795.8766805789148
902967,323714,0.07898394576367872
960230,680503,3.574874258352703
760280,166932,2.8877519152253686
900354,33540,2.91894135948186
984969,76710,0.008664499814633487
387838,765421,95.27673486828063
225106,567422,4.580653583193459
405415,199666,21.64441258401463
415685,289302,903.3421177269958
802814,528099,7.427419352078198
873017,361613,90.04893623817713
718042,134783,69.19328983675261
190904,384028,2.8950429639812585
351902,175115,245.9377663415439
974428,107765,0.12331434752196123
9421,861245,2.6358141441482223e-08
32806,427016,121.36342410663201
52457,219307,12.9984341812676
637061,354754,0.02329284586119255
767243,810856,140.51076488564667
220422,885751,2.353355381078757
93095,217900,0.0007427642433678299
213799,211286,0.0
505547,837412,18.42732633565765
729324,528099,1.160555811233019
539688,918042,314.6588456293823
835622,695522,7.86547525654839
519934,429815,19.808338708829673
52933,217961,0.12619259832348378
395918,792241,0.09886709267134977
360936,354754,0.533293710983473
846666,614148,1.0549940411003127
452902,404332,21.721226183221088
517362,707607,243.84829934683196
891512,244124,4.406541957225535
862066,853711,6.8761839948287635
461869,701088,8.006891048460405
606750,384028,90.7258211105611
485327,841918,0.7586816752753441
50241,431125,0.003666384581271487
383577,617660,18.166955810557717
38683,43041,3.7231560034591644
593162,453204,2.095252966114414
90694,219307,16.851546699932584
726374,254605,0.00040798571090855395
983433,467336,8.07886425199808
831804,444328,2.1052022753686797
833800,359220,8.81396298104673
402936,617660,55.255734194388225
87420,720245,15.32913025442493
898415,22989,0.005766082539732817
983979,614148,1.4041524708524795
804583,143052,2.885967623526705
916590,250431,0.6514624544197986
782910,134242,0.002859653510912792
472734,453204,5.697558294484502
72444,324722,0.019110309259813503
614445,693469,4.5134892715815536
943078,266516,1.6900381965050888
980347,945506,2.343372116221639
257737,828986,0.3029139845751453
984969,62959,0.13815251628411973
336630,7391,1.3358381177179142
943753,701088,5.831527436534896
240589,134783,271.1706711816771
68739,178147,0.09135335946434618
933875,821099,16.51375456565276
639932,175115,93.85041250674847
394479,442180,217.58609697281136
462373,407954,0.9673566314661411
909495,617660,2.5892602071098567
949563,731343,3.6006349499415267
377863,762154,2.677710165901081e-06
385467,38684,0.004788778812274973
170321,608480,0.29178149694156486
900354,926341,127.03360846113813
778959,712748,33.13994059008683
560178,282435,2218.8901601015755
820777,878826,35.40693923139638
960673,265964,0.20000289986852599
886454,812449,0.0035425609783153807
562020,965622,27.610336259730815
377319,419839,1.6584346873335458
675367,366172,4.756917028193654
387838,567422,3.121757282682812
767217,113347,0.15833018204850602
560009,706932,0.09304945041148839
654187,950005,0.1951992804620096
290643,416657,0.2525928035116006
386404,853711,30.325148868526952
55053,975724,2.1379849473579697
365616,212366,0.01071468070261367
640322,737971,1.8128321855001863
573417,789786,87.0798148764823
709789,569289,90.4504133776305
946410,926341,25.988604496329014
229999,322141,11.066473232907946
940375,689582,38.44116424977622
198599,306419,73.15706207066421
981277,530632,0.04688805958632807
36420,349340,1.7355461397902325
24901,352427,2.196439370485002
409386,181501,666.6815633370884
412878,930630,3.057449657829029
112134,289302,150.703108758029
675367,156463,89.24412508869386
975124,46820,0.0015751758764613935
216482,631627,1.5049183180440624
144562,577053,439.40835168400514
254511,828986,0.3979700782857396
960230,138281,1.0266563615938658
380320,930577,0.04488559394800349
213860,579967,0.11084564063767262
383236,914322,2.780595089644556
905328,544583,0.1766744946463372
21793,54879,0.06482328462047972
322250,149616,0.9341989376792562
798855,297030,0.5496232599378595
835622,138281,0.6989745209573696
393955,978372,0.0
865822,417921,0.4397207940609731
616467,516044,0.219860314238682
703680,46897,8.815532059121368
550465,453204,5.765832692645165
654489,357600,14.815310348097013
991074,853711,5.7504038202617895
632109,268162,62.27006704178841
596439,737971,0.03535628266595065
865119,689022,146.60438615293174
253537,947232,1.1217003935501197
83635,59550,6.392489084444263
769063,834789,1.321345991472468
517362,342381,9.820386992645181
49766,64135,14.046787608546198
980278,85370,0.0
511970,722609,2.361356925968427
24356,11502,32.664888586275026
368452,810856,16.837233070985654
656073,580997,125.28643443613154
310461,589532,20.26282476508718
367563,659843,0.012255721763512832
391289,285685,17.39071898400707
976972,303562,0.0235015398423927
510457,175115,400.6136207205014
376613,384028,504.48131976847253
789430,785196,2.688018982465182
226076,407444,5.194493703821164
755948,561941,0.006081995308517768
511164,467336,26.462862237614345
151062,720021,33.543323814662415
170321,166932,0.05264420547435801
508816,683627,0.0
738689,892846,7.717082300263993
144771,244124,22.855656065422032
881238,176088,1.3439505293433092
803238,977784,0.5438580525091624
539688,63682,40.43854230522356
680396,219307,14.951114867257578
930068,882140,1.8478098661924034
212644,432427,0.023147149274404068
900354,419839,42.05593031741749
639932,845427,0.6241262208219135
216482,39515,0.1464960334496682
550269,181501,34.985472134500974
132590,543819,0.003983924228813834
481517,516044,1.644717522882394
798855,866793,6.048191935571098
75683,24488,2.596803465629415
135234,898797,0.941140129835332
12778,577464,0.004978241437312624
727821,356630,0.026014893162849415
469215,107692,0.3593080818054795
820860,598237,0.17605014734465402
142230,837094,10.753494689053305
715340,735702,0.0017125180549320673
39732,944806,14.203031038651115
681518,843807,3.0126320834297675
277770,714905,59.713975703235306
396606,24488,3.072489935586686
834376,133019,58.248650922010725
504523,453204,0.14800412174470876
544870,912372,0.12065829037594393
828735,501406,2.1000899051149244
196095,662929,15.397338145777544
342670,577053,56.28646137504651
560009,825117,2.311458836591593
101403,714905,49.35904173266549
892315,176088,7.834332164572907
951876,784421,0.4140124242645935
909244,209750,1.1047188291454644
900119,85370,0.0
584862,158396,1.2133925392147642
687395,524197,2.494953995656472
609299,942223,0.20056668464278735
249741,546334,0.0
32806,539609,4.570352552136144
978528,683627,38.01059661476159
459818,66853,12.777391338400607
837613,465904,0.03406672931228924
749499,639983,0.16589016257534855
950407,656648,0.9304198703438485
735011,64135,52.84040491888486
779381,467336,9.742770573936852
647391,795954,0.044090169904415895
293697,68618,8.273554733000664
584862,809762,0.038805083387214764
984356,885763,0.002731062454688764
786116,175115,517.7062275578694
103538,298381,1.6095412490438386
72474,259282,3.547265290534711
500189,902478,0.19888322208822207
229536,107765,0.23995624228314966
226089,508949,0.8520126256860874
725812,972871,0.2631128949586368
767217,175115,6458.3145672259025
968045,442180,826.5960010316952
444135,181501,135.05226471757138
633359,301921,0.0309541678153158
634006,156463,114.9986291728022
520152,322436,2.879746330906893
275713,493058,54.198910270389355
879323,945506,3.8225665276657996
275579,828007,112.04913717082685
607020,178147,0.7456030933655878
322250,772796,1.2983084373925475
492335,539609,11.05917545504434
226184,347465,2.0646531387649425
898415,389719,0.0019087433189427995
105101,246334,0.11053701332130549
204933,161470,14.358361715743026
939238,603814,0.00036183545919096994
68690,683627,2.1796022082743525
133694,88581,33.22334437682147
316303,285685,136.85430835179548
87420,257446,0.4828020115001378
136343,2864,0.010626410427715468
402769,697735,448.8242420196062
953413,247498,0.004119035868093073
627954,203088,92.41472313348596
856942,30048,0.0059661436689350195
931636,546334,8.207226119417488
711678,337273,216.41628518004237
441435,311506,0.6370495859240031
475415,73778,0.245480964865543
858239,39515,0.006645449723793169
881980,369424,11.883416959533514
567216,430087,0.34233130979798426
596916,168040,306.06121266585956
18043,712748,107.57914403101223
525419,493058,45.39455549916437
110476,506071,0.08071958035012054
991074,193572,0.6507585013186972
278374,94700,2.4259819017993527
308469,943114,1.3903072758517625
555524,665463,4.259126519155875
878123,508949,0.32097026071184315
285752,158396,0.6720422026304248
462373,155818,48.17967654796496
809388,880536,0.0004967337256326465
513869,731646,0.234192673900484
377658,689582,5.648556172546726
864274,417999,1.0772485625000305
351038,682351,3.6261624199627467
67558,957839,30.13598548985269
968045,429815,2245.510978004837
830138,807942,18.139322858530175
824555,622212,5.815517540775644
21488,332403,113.52635790582825
601148,671604,0.0024747018518655657
140616,528099,0.2584384521192478
183697,161791,25.905963064390775
200909,728573,5.546027368190597
932825,776827,0.666461091085441
443018,652478,9.928214808331076
698431,323363,0.2260851744376234
147687,894544,8.12497026036357
304970,618507,35.58606192051947
891512,543648,4.2341155094113105
825437,561824,18.216035967220133
534751,515741,1.0686721600760023
964784,231924,0.12697930480384972
411817,398431,0.0019127605996155316
1539,341932,0.9447965347348638
600619,799335,0.00208926016564146
183735,974957,1.0047336081743847
519266,831838,38.16759619887273
459124,698235,0.007140014815049398
653727,788259,0.00016554586947664068
114939,289302,40.68851404583428
219737,733338,0.36880008111232987
584862,901795,1.7863076563127118
983433,505424,5.177202157113927
138166,684955,0.6843980876272894
583328,880878,2.629990415825326
555976,361613,51.20161767844596
749597,311506,14.077885445204304
456045,111351,25.380957073818582
363327,481574,0.0
396793,30048,1.8453725378628636
540742,361613,829.2027322699834
902967,501522,0.00040452767520833527
255026,132660,0.33573937709504187
33121,80605,0.07215332144062943
328648,173210,0.0389556781332241
607020,449050,1.9462128576286222
68228,268162,0.4796529792746746
358531,890120,23.280109523333763
788474,276204,0.24429739293127817
596456,665463,22.25324835943708
500785,539831,0.18006022042535733
307077,853711,10.343012536139003
897590,878826,4.899752745766184
290858,343176,79.0680864667183
200909,830738,0.0
656056,941421,0.027332011562961372
100501,785400,0.645673326000947
738728,498393,9.696386112295063
640827,301921,0.011493798938463178
5334,325135,6.085182235840647
149710,46897,2.827465711111709
237818,736860,19.67141391109669
26577,228054,7.410765631197307
749519,168040,17.759944370915044
826268,426874,6.330177101612366
455432,866793,2.50639063701813
235452,196581,0.044520375390247335
494923,467336,46.95637200298612
406426,289302,13.861703012586217
856942,708270,1.6198726882887315e-06
873129,13960,0.20763625456535134
956139,134783,1.8571681082919018
677984,124092,6.019133159365648
748398,325011,0.2893626970910906
606750,634974,28.82520624940546
665381,417921,0.22708430199191182
751455,272463,21.75987263823883
73080,765004,121.36384301271339
98012,498393,1.4180311666195746
455432,720245,42.554607644558146
303118,308431,0.04393427893169892
60438,464465,0.7343750006624434
502855,48739,17.781766410449013
681584,322141,0.9329408171326423
662690,425848,0.05212332302628568
742254,681692,0.9361824348389536
302297,799263,0.08582061793216571
164135,76710,0.09497844860345425
295548,62959,3.622141388951043
49050,121800,0.07115937713781229
46049,546613,1.8045359544876647
330908,429117,13.959267432985042
200909,546334,0.08474920345705488
801034,581871,0.6651352611322491
716303,950993,0.40701844954504063
751813,337273,0.0
790396,742056,0.008174801236619336
192054,429117,92.15891853270647
626453,368515,26.058504116082986
288324,558292,0.0071840862368019575
584565,652478,153.75995927188123
198812,289302,37.711749192242245
363327,343176,15.209547417423963
176789,753400,0.7209916060400091
379529,48739,1.8406212205574328
529359,95297,182.2848079044498
951876,543819,0.05721460649437047
428286,59550,44.013673200697625
952776,662929,0.0
444135,353431,29.35057264190242
888338,964047,33.089822807669485
30727,217762,0.014698411440181554
691588,427016,3.6506688745825837
655693,849673,4.192866316557447
263244,826122,0.0023853467600954115
119426,853711,516.3025220163685
912908,676985,3.6603507567098803
812593,235165,0.0002203978693415313
40056,158427,0.1530790153120615
303215,998913,4.868674033752303
195074,419839,0.06277493173096557
871393,203088,253.90494130911947
406426,64135,3.488976343232071
527585,352427,3.0272178246030554
468051,693469,21.129064593224822
299012,79564,2.135194633316558
826214,845658,0.0
771079,880536,0.11651397345509769
501724,430087,0.3086146193520356
522694,516044,20.8521524419805
766406,956375,6.626615871911994
652162,731343,0.3349502473651228
42287,59550,14.728931241077488
723328,257446,0.10963524710397841
521751,417021,0.24250266609147336
356813,565101,2.845496629577366
711678,707607,278.81562803030124
843911,337273,320.9306706647961
65347,998913,4.239450804599947
768985,85370,0.0
927322,397791,134.52158677417435
514757,172260,0.8492748943078252
904490,85370,0.0
29341,850645,190.97698773329304
255026,880878,1.9009922165668827
189623,206481,0.9546656292552652
783758,870565,0.1986826784976436
146170,404332,77.7943538376683
492335,530632,6.1241703110835255
151121,494777,0.0
718042,282435,115.48458882491089
198916,175115,49.13592620328118
731718,68618,1.990255417606447
596580,672708,0.36022711569878524
751813,332403,185.98387646957113
200749,283094,117.42324389712556
826214,668467,21.96469857745746
798629,947232,86.22341615223309
483900,212366,0.04938845294737005
694983,690691,0.14127055091434523
5795,603814,0.12011653639927984
103652,841918,1.7557779628660082
662733,419839,0.5318505814493313
909826,926341,543.8337586331386
716303,244124,1.4780236487398657
758559,124607,2.9693329085123554e-05
272515,124092,618.9131059405523
809698,357600,0.7383671701567784
32513,498393,5.924422503507976
17887,378771,30.758503706676265
529359,412048,4.641738815950114
446114,124092,726.8945205904882
360729,681692,2.2386581574049775
691588,657582,0.6212035061172286
726374,682351,1.1501206193702693
522150,639983,0.006864653182289453
495790,176088,8.629037707243958
698971,191894,4.498294702560579
845632,913129,0.00016075072366275527
46098,896302,0.00507959912096682
996946,256944,1.5739214901657332
275713,550395,152.09157583359138
428998,608480,0.34883587825583634
555699,251377,0.844355261127063
777468,45127,2.4504822634655783
312559,362489,0.8278272361355695
790396,112419,0.00022744043840009645
764143,914322,0.11641587300879921
174752,85370,11.402828566249916
398903,161791,405.94152666030914
104494,962732,144.25592007027365
454013,535885,0.047571598355613934
790825,159780,0.045242350423298744
182339,643049,0.005019686613827377
596916,357060,1.7027366755691078
382421,231924,0.6097764599687626
292139,289302,308.5753720149908
893916,924533,0.004856164945011933
535801,332403,27.250885304278448
784451,359220,133.4788653330055
187469,660710,1.4878522136543184
351902,181501,32.0457022049064
476123,25918,133.60875008607982
117648,467336,3.160740291353568
508580,728573,8.188798831319149
46079,528099,1.68550460136935
680731,618674,4.095274525126384
263144,197587,1.7125547797574339
456096,454172,0.9838950805444441
434435,43055,7.480099057656995
930582,491725,0.00025152503688084587
469180,342381,8.733163615113842
723328,307791,0.0024337345002103474
101021,682351,20.926216646316803
177443,464465,2.466898139653745
104494,366172,54.432495366663126
932825,417921,0.9985921981935652
921349,918042,0.327672903031049
5334,375031,0.9173877909358459
360679,765004,32.63037958119626
889517,159780,0.20452586202751524
792165,617660,0.0
742254,64135,3.564749499116159
295282,245332,0.020260702122994214
548651,175115,263.5628540540447
325302,996452,6.364967502777519
220422,898797,0.047925204721185555
582638,87843,2.9601253065792488
781590,34924,0.06579855520242406
781590,192063,0.004644295152026221
881980,797471,2.0837747597413205
519266,63682,116.28926724903475
917331,842353,50.58455318927802
338199,616925,13.461681885654214
536587,199666,0.002191371200887404
674938,127368,0.055032413066745986
826214,285685,97.5584152538613
685281,306419,0.8683159502552631
145845,357060,0.8821328086869823
555699,175115,109.36178978105211
846666,913809,6.8336547643228105
458072,68758,106.4239137290044
504523,134783,0.26965841630321025
398335,493427,0.030469826973043852
166292,558292,2.692522888956611
550465,481574,1.5289805311798363
197548,354754,0.01776758459593013
179421,810277,39.413762181474816
889399,156463,170.6761137885899
853921,103828,0.034150860452704566
157559,272463,0.9423215267215811
945432,720021,0.35925460005629783
803618,347465,34.849565892964634
416958,701088,33.779044522054804
162306,303318,0.01347747999352101
774992,354754,3.4124424659923687
109576,943114,0.08816777661630831
887152,111351,15.423130916702876
25050,998913,2.0042757284820882
994557,332403,79.10922089038228
454897,865987,0.17051555289868855
767243,419839,0.0
834376,124092,2958.962995283217
154186,209750,0.1617711793065846
322585,323714,0.657562084022455
629329,442180,7.425120215830643
641245,845427,1.2854383680316084
728367,419839,0.27225323452387523
635419,481574,274.58295566444764
302297,359964,0.22304908753944153
897835,902478,41.4548984314881
593548,984203,10.299351662828498
128643,617660,0.0
278830,342381,9.018683518530034
32820,556622,2.3850341568863147
873729,926341,9.84512031713577
347609,30376,0.6463687517972031
617866,984203,0.8157632431597698
594395,577053,17.123102423738878
889399,111351,0.0
237818,887902,0.6159073755784854
280445,853711,140.5574169089476
504578,647752,0.001907915239720397
873729,742092,0.962110386405993
434435,175115,84.05263655868724
152481,834789,15.650051793566917
199187,161791,2.215088774609804
930675,464465,5.048836220638225
773773,765004,16.2680064885242
840888,760269,0.0286998591724392
144562,30048,0.21475600192726965
831962,549883,1.02347381686453
162330,674816,19.306966336951707
508803,671460,0.0008156305261527203
627954,111351,8.509330144657296
789805,577053,2.0122555701439975
820860,70926,0.2717707430054583
194721,76655,0.982496902858084
194857,693469,18.40574334141611
566734,379168,0.0010147592286160344
715340,923116,0.1078080508632238
218312,505424,11.848264180834354
296676,923116,15.410896050767132
166694,892986,1.2516694470748166e-05
402936,134783,58.23136572084955
253522,720245,145.13789838141716
447968,640643,16.76532228512324
288324,112251,3.9064627029589305e-06
80991,530577,14.61464525338838
413862,176088,2.56564904404819
384852,930630,2.3508017862553166
115791,530577,2.3462437804968723
196767,219307,465.7787553476091
713644,712748,174.53520172449905
306906,968423,0.09367007444977074
102809,230551,0.8037214976989512
96798,695522,4.944432783331021
947148,378771,405.30473774618974
914527,218845,0.03437283069083173
415534,141278,0.001962075003694596
545414,161791,32.51919997425604
849071,569289,173.22542845034016
757708,828986,0.0018624188755245149
9797,539831,2.2950391265315524
633800,708918,2.4361023893610607e-05
846009,85370,48.8690088542288
326381,429815,1477.9485394040887
303215,695937,0.8782269032930904
960673,751476,1.0676233919240963
255026,680971,0.46410498316167875
563940,357060,0.21991469962849666
779163,182948,81.18193746678642
208084,378771,87.14846945708291
106743,21244,0.2223106240108672
28913,107765,0.2880273840338044
13713,419839,31.051860485612686
290643,359964,0.5192536871545907
500846,785196,50.57642017883034
875919,772796,0.6602108596317988
824555,825117,1.7117716556724643
573417,337273,1573.3501758490802
432054,589532,1.3669396692123703
411093,332403,210.5219095643537
727337,382847,6.625485289275693
528461,454172,28.753624251629763
791435,698415,26.98500697729426
679489,444328,24.178699285708507
183735,578968,101.89123945035065
619310,337599,0.19628032366145387
633359,191894,0.5697929404620938
959850,922019,0.797155358087962
723044,589905,0.05961915322958997
454428,278805,6.700221640955987
455432,95439,0.16771341798405318
495790,879164,7.27206040788348
700784,477242,68.86109154071465
860559,481574,299.6748134532916
233713,442208,75.39592098514989
208084,998913,16.448201024879282
791435,70231,5.3433125830423105
937704,941421,0.38584646532208794
240824,636297,47.64415547543838
189623,467096,37.74542941246685
773773,311506,2.2758748717303035
216482,631627,1.5049183180440624
930582,682351,0.8228609908774231
508803,519863,0.06087809030130288
522150,831838,0.19111697872758862
731718,366462,0.007406176557666666
479968,797981,0.006378324092027894
208084,593896,28.076370175445298
492472,842438,1.8829948399001187e-05
322250,490313,0.06889287451417445
50945,289302,271.15123943296754
376613,853711,113.80722996371394
46049,728573,12.423067547198372
288123,191894,0.10217227274664403
941366,615562,2.1675537272118794
573417,984203,165.6543743948938
456045,368515,2.4807170973712993
153473,337599,0.7764796010484092
98667,998913,6.730884512999736
617846,852932,0.18088981517939418
537780,735779,3.8958657600779145
10243,992122,1.7286788882272799
233713,366172,4.755413270882458
434435,821099,15.233192913014665
510562,230551,9.92309292007369
193676,158396,0.6839818195983669
120748,660174,0.00630300835224526
900354,442180,327.0435995473115
220422,582264,1.9952961167873249
517910,546334,1.7993240432776947
178381,412048,54.8996953485947
217877,138281,1.8177336500797447
160817,33540,7.729414071340092
839495,975724,0.7265618191349962
255620,124092,159.85603026847932
772157,7391,231.03275305289102
187469,6139,1.1768110959220672
374927,653526,0.0008708665153620298
475311,124092,16.161186665248895
208084,285685,99.98302864797283
60438,282435,1388.3621500483252
280445,918042,152.53864565051964
144771,205688,159.04300217475998
961018,785196,2.2445645593406294
954515,877336,93.64050239596979
416958,662929,6.8382682915587765
634006,926341,55.729131353782726
936230,560212,0.021028063984547502
318384,713381,0.7708581194172781
443869,491725,0.04860608330996044
600619,481574,11.582818653110335
834971,64135,11.585976583886316
831804,151958,0.05886396409966715
87432,876369,10.796795521768672
264895,569289,0.3275549898235171
968045,442180,826.5960010316952
54907,652915,0.0
926602,665162,2.525893840810214
533645,975724,10.82609486981926
293697,955087,33.69665378692945
888300,845427,0.03082482959927754
400867,217961,0.018791352269061135
430499,280800,54.89041980627449
10146,799335,0.23134110243604797
981277,964047,0.5689251449921651
23921,936020,0.1445088601944926
949563,681692,6.948681076863307
61112,633474,5.382490275968137
265728,30895,0.14450418920777228
681518,918042,45.462199494780705
430499,681692,2.8840358486148485
778023,680503,0.6055430179936947
14688,959059,3.353157364027772
40242,59550,0.009036033103103773
617846,892846,123.45014321095826
361097,626176,0.033010292937867475
767676,531167,2.1529514652115616
528461,710003,28.07040203224624
422091,151958,0.0008256440167561947
749597,203088,1897.174559671464
47560,378771,4.746946266411439
780239,200862,3.5609073086041727
470255,694161,0.03800984959516651
974428,532822,0.20848061406651033
448151,638106,0.0003151392818457193
857999,85370,165.58602533444233
364412,576469,0.02420437613659437
475415,73355,0.0012765119922280251
607890,124806,0.2927145807964828
736141,407954,1.4797516492447569
184614,964047,4.880272543524732
990076,458201,0.2203703844281175
504523,453949,0.19683414861668977
592059,835492,0.0006319269137187045
235452,556507,0.10218425738563124
143176,782278,3.292925677192022
44162,807530,17.637397803314975
368452,810856,16.837233070985654
517910,429117,5.994338679500585
425980,21244,0.17110401552537588
98012,736860,2.9012249842791165
257737,322436,0.948374469828693
352318,369424,1.4171132085985945
492472,579967,0.013531780567766369
945432,132660,0.008187171616830519
518921,323714,3.144454244913761
208530,247498,0.009558045941619471
522694,366435,1.0113033686485435
119426,203088,0.0
374572,467336,21.263533420042343
154142,90008,17.995049193842938
838520,676985,3.1420214918452807
468370,357060,10.272898083742241
277054,343176,16.75052634408669
975852,467096,34.982212761014964
331478,166845,8.509439143960467
810801,313852,0.9306318588064599
969286,626176,0.09682053889094469
779845,817299,0.0032516045387980847
149050,882140,1.0257708579206914
971793,918042,54.712054392128834
45937,23763,0.045014991491466816
235170,569118,2.245721105668575e-06
881238,271305,1.4744212684863978
640322,43055,3.742793592731654
460157,991841,2.7366464257135923
162330,947232,10.723780610013819
160817,923116,15.475736443521727
501468,809910,0.0009624075669980091
725812,710003,108.11221611940363
212425,799335,0.01927994293750703
85752,710003,0.7675339407522901
618019,94700,10.419453205191594
941366,161791,86.69745380650959
980347,143052,3.5993081489431447
90148,46820,0.1176685899886758
68322,442208,24.032117687325332
876906,95439,0.7198369229722448
909495,693469,11.615282104189243
393955,437502,0.011584691631783595
916590,467336,7.720708897623851
59627,676985,27.685299657538533
154714,956375,4.220812297390003
561339,305861,0.0005336191114132324
742254,814031,2.3644071118429815
937704,913809,147.54434549151026
348868,639521,6.089506981480397e-06
98667,512894,0.2898329084593529
381520,955087,0.004802928057147756
90148,359964,2.3308806842757965
147716,555325,0.3067492321662131
28913,528099,2.787037368156885
43130,404332,4.733696757117932
411817,710589,0.06297263928969091
747027,878826,0.7084328448811643
290643,695937,0.2535512319123249
859160,965622,1.3328594056174925
67558,530577,63.571432047851246
705632,817206,1.612617822656842
173252,358877,0.01518057433630761
540742,610392,48.2093639615352
301337,203088,0.0
749499,244124,1.8829930419882315
264058,64135,10.287882225639462
971793,354754,14.037422384428801
564398,407954,2.288705401207833
890152,342381,1.3946339500442708
383236,412048,13.411893434287782
324193,582264,0.21907914240581586
513326,66853,3.3585371937886705
672617,580528,0.025966047680514096
784451,419839,34.86703432358315
583085,642163,0.011740444703859201
858927,789786,4.416639821637734
834313,701088,8.117878276341635
527866,593407,1.5632036603552903
515608,354754,0.1343572840145215
195691,378771,28.188124099283144
423178,528099,5.173713553904131
940045,880536,57.50781757437609
552585,998913,6.574329754223244
149710,124092,673.6267062533983
266071,247498,0.05617773823441052
820043,87843,0.32124812156717936
258017,683627,0.0
411093,550395,70.48428455069059
501724,318504,0.4429918768366858
580347,110225,15.28805494883129
883476,384028,4.9521917177918855
498989,43055,24.222762046606984
166096,643049,0.30096061706256194
350287,173500,0.49119925487843796
665978,812449,0.2766261810829999
980278,203088,33.155453834888725
16154,961450,22.71913447606739
113887,722025,0.2886379584479691
689551,830738,975.8518819821197
411093,561824,30.5859243151567
369563,828007,2.601036548565365
852394,467336,0.0
240824,282435,438.85870313373357
33893,475187,0.0
763874,11502,17.381423384431955
950407,45981,0.1237894210274566
456045,429815,87.90426612754338
69792,482465,1.2597114189796361
476123,753600,176.0799978078941
779163,712748,196.30350119299638
485906,545860,0.022723506535316372
877276,765004,66.73827509447965
299012,109628,0.2182672571068987
98940,24488,500.9857556348036
29847,65027,0.018311208971205747
416960,138281,0.24583880003898337
548544,149835,7.874372350546443
626591,689022,0.0
674728,993433,0.01136821348424399
607020,107692,0.45054257775989504
224720,834789,97.30380643000831
349749,688024,0.9550499580608497
617795,697735,0.0
515608,710589,0.03562741877023884
69175,39515,0.039186546043211326
128643,617660,0.0
452902,134783,33.74544904921544
890113,697735,0.0
292771,46897,8.487060670801167
757708,839768,0.11418804834126414
763494,638106,0.006308779902848177
500785,803231,2.4571095270859794e-05
863817,427016,36.68916743509894
983003,668467,19.322237449417447
522694,864429,0.9199247982405674
43101,662929,39.542802794977284
517362,332403,145.0636293055748
534751,59550,25.161398759047188
594395,113347,0.1557392546232655
929711,950993,0.21061696594188273
255026,244124,1.9804551277815228
287882,298381,0.08055262340170383
280445,577053,22.397588810758705
648669,357060,1.2276383693215933
550427,195861,0.24075473118432866
645071,676985,8.00938465662782
453432,288799,3.74942593699678e-05
803238,235165,0.02386413062145783
165614,134783,6.136025311873019
887152,429815,164.7535868738239
216482,838773,0.11051412213678725
425517,516044,4.356857908887287
860559,449058,0.9888777090242674
285752,837231,0.14150446673365072
641770,2518,1.019940224385635
109353,168040,3160.3776839699553
834376,660710,16.941078963737343
32806,652478,58.847295452437635
235413,244124,9.827047645552101
485327,276204,0.104447857903933
367563,680971,0.06029723330245989
100501,494777,0.4066768334376346
696596,205688,210.0030617155778
583085,121996,0.002728408877255273
847991,71619,0.08803276458265616
117648,209750,35.26654649840947
439902,544583,0.35822011074193205
377319,593407,8.572397620536458
198694,282435,28.689222369910638
463435,944806,0.10303448801501383
272968,168040,0.0
172715,779403,0.0
144919,419839,1.3992536467996073
782910,644221,0.18075561839313936
185660,841918,4.399486603669205
539162,22967,0.001550947971077467
454428,134783,77.04948650809247
952776,85370,0.0
629589,440242,0.14272437079829312
274429,313852,0.524866229743909
295282,972871,0.00504218376143457
277770,493058,64.66194851294487
118098,141278,0.003014083049991554
425517,831838,6.757913337877915
285752,191805,0.04697284196225827
86582,70231,4.633810538627077
391445,918042,0.0
817147,746858,0.3769545620969185
417654,875119,0.12643655218900582
553396,356630,0.4524048865981934
974428,64135,3.1924809198323834
239119,50627,12.283347422832856
827354,231924,1.5714174447255609
926638,672373,0.3940958726350667
485420,890771,0.1434639622095969
217877,926341,26.14481135154894
854305,303562,0.014371447227803263
589745,695073,0.0010903386310474896
611037,767751,0.4961175038141041
508803,341932,0.32717933990047277
343297,244124,0.07272274238107075
560178,845658,908.7940563572183
364315,924533,145.70969853598214
672617,62959,4.087150402890533
447121,545860,0.0060690732092154205
723044,230551,25.065288071042886
473629,831838,145.70410639344868
46079,586320,0.03876843868316272
842403,618540,0.07562054644581853
184614,945506,1.7911020580156352
536265,913809,20.074244109325107
812593,681692,0.6127501729931305
263666,181501,8.600530944438836
615851,956375,16.2801631210054
677058,64135,60.583650091874354
849071,918042,481.6898504070723
555524,257446,0.5018483391212923
588548,530577,13.776493520640718
875987,432302,0.011816629034585914
826214,442180,300.4923828122876
270111,217762,0.0063480777330794215
620114,528099,7.175813211409011
983003,668467,19.322237449417447
307066,155818,27.50833813212142
623472,15238,2.89201501711328
887152,278805,4.363604891213684
517362,155818,285.2215254725123
687395,138281,0.020982281625983742
329721,219307,206.55043444596257
326381,685277,1.339066263544117
714512,892846,21.886475092377466
266071,24488,53.15179331138708
956532,24488,65.06308996373112
112134,322436,2.128460851054798
519861,442180,463.6292268634532
74832,866793,0.8318304334410039
975124,244124,9.322341911078079
302819,419839,7.698965032107097
85752,467336,5.849437702747182
983003,287317,0.005136998508518554
597966,64135,23.39582648660849
259639,481574,0.25436380526916025
880633,398911,0.022412959266841687
307836,810277,6.161615985238498
428998,62760,0.018707502006706307
379357,378771,7.06947213179427
888088,154970,0.21062534733003363
791263,90870,4.5979528574754145
527585,918042,4.556780430325356
197117,765004,10.751897187824119
38878,225992,0.8657255519604298
